text,published_at,cleaned
프로필 클릭하고 스포츠 패스로 동아시안컵 전 경기를 즐겨보세요!,2025-07-07T15:06:23Z,프로필 클릭하고 스포츠 패스로 동아시안컵 전 경기를 즐겨보세요
이건 먼축구?,2025-07-08T16:19:24Z,이건 먼축구
문선민 뭔가 2프로부족하네..,2025-07-08T16:13:59Z,문선민 뭔가 2프로부족하네
"어시스트 패스 수준이나 마무리가 여전히 옛날 수준일때가 많네..  그치만, 더운 날씨에 고생많으셨습니다.",2025-07-08T16:13:38Z,어시스트 패스 수준이나 마무리가 옛날 수준일때가 많네 그치만 더운 날씨에 고생많으셨습니다
이동경에게 필포든이 보인다 심지어 외모도 닮음,2025-07-08T16:12:55Z,이동경에게 필포든이 보인다 외모도 닮음
경기장 어딘가요?,2025-07-08T16:12:12Z,경기장 어딘가요
역시 jjanggae 들은 안돼,2025-07-08T16:09:21Z,역시 jjanggae 들은 안돼
박스 안에서 혼자서 마무리 못한 점이 조금 아쉬웠다 선수들이 자신감을 가졌으면.,2025-07-08T16:07:50Z,박스 안에서 혼자서 마무리 못한 점이 아쉬웠다 선수들이 자신감을 가졌으면
웬일로 반칙 안하네 중국,2025-07-08T16:05:49Z,웬일로 반칙 안하네 중국
진짜 최선을 다해준 선수들 고맙습니다. 자랑스러워요.,2025-07-08T16:03:10Z,진짜 최선을 다해준 선수들 고맙습니다 자랑스러워요
수준이 높은 나라와 겨뤄야지...,2025-07-08T16:01:51Z,수준이 높은 나라와 겨뤄야지
간절함이 없네,2025-07-08T16:00:05Z,간절함이 없네
축구경기가 이렇게 무관심 할수가...,2025-07-08T15:59:18Z,축구경기가 이렇게 무관심 할수가
단순하게 보면 손흥민 없는 국대 베스트 급으로 잘했다.,2025-07-08T15:58:57Z,단순하게 보면 손흥민 없는 국대 베스트 급으로 잘했다
최용수가 다시 보이네요,2025-07-08T15:56:24Z,최용수가 다시 보이네요
"나라 꼬라지가 개판인데, 축구에 뭔 관심이 있겠냐..",2025-07-08T15:55:06Z,나라 꼬라지가 개판인데 축구에 뭔 관심이 있겠냐
와 땀으로 범벅이네. 고생 많으셨습니다.........,2025-07-08T15:54:58Z,땀으로 범벅이네 고생 많으셨습니다
천룡인 상대로 축구를 한다구우? 드럼통 가려고오오,2025-07-08T15:54:44Z,천룡인 상대로 축구를 한다구우 드럼통 가려고오오
이동경 문선민 존나 잘하네 ㅋㅋㅋㅋㅋㅋ 누구 보다 낫다,2025-07-08T15:50:59Z,이동경 문선민 존나 잘하네 ㅋㅋㅋㅋㅋㅋ 보다 낫다
선수들의 건투를 빕니다.,2025-07-08T15:50:20Z,선수들의 건투를 빕니다
하는줄도 몰랐네,2025-07-08T15:48:41Z,하는줄도 몰랐네
동네 축구 보는거 같네,2025-07-08T15:47:20Z,동네 축구 보는거 같네
우리가 잘한게아니고 중국이 지지리도 못했네,2025-07-08T15:44:38Z,우리가 잘한게아니고 중국이 지지리도 못했네
이동경 골 넣으니까 중국애들 다 쳐다보네 ㅋㅋ,2025-07-08T15:43:33Z,이동경 골 넣으니까 중국애들 다 쳐다보네 ㅋㅋ
벤투감독 데려와줘요 제발,2025-07-08T15:41:18Z,벤투감독 데려와줘요 제발
"패스 개그치해서 두골 날렸네
역시 재미없는 한국축구",2025-07-08T15:38:38Z,패스 개그치해서 두골 날렸네 역시 재미없는 한국축구
속도 0.95 가 정속도네 요즘 왜이렇게 편집함? 짱깨식 편집인가?,2025-07-08T15:38:30Z,속도 095 정속도네 요즘 왜이렇게 편집함 짱깨식 편집인가
"중국 축구 개못하네
내가 시진핑이면 국제대회 사비로 하라고 한다",2025-07-08T15:36:35Z,중국 축구 개못하네 내가 시진핑이면 국제대회 사비로 하라고 한다
진짜 더럽게 못한다 ㅋㅋㅋㅋㅋㅋ 패스봐라 어디다 줄지 아주 친절하게 보고 딱 줘버리네 ㅋㅋㅋㅋㅋㅋ 일본애들 하는거 이제 진지하게 배워라 몽규 명보 아주 그냥 ㅋㅋㅋㅋ 감독이나 선수나 한심하네,2025-07-08T15:34:49Z,진짜 더럽게 못한다 ㅋㅋㅋㅋㅋㅋ 패스봐라 어디다 줄지 아주 친절하게 보고 줘버리네 ㅋㅋㅋㅋㅋㅋ 일본애들 하는거 이제 진지하게 배워라 몽규 명보 아주 그냥 ㅋㅋㅋㅋ 감독이나 선수나 한심하네
관중도 없고…의미가 있나,2025-07-08T15:32:09Z,관중도 없고의미가 있나
중공은 고교 선발인가요?,2025-07-08T15:31:58Z,중공은 고교 선발인가요
홍명보 ㅋㅋㅋ 제발 정신 차리고 살아라,2025-07-08T15:28:09Z,홍명보 ㅋㅋㅋ 제발 정신 차리고 살아라
이동경 첫골 진짜 잘넣었다,2025-07-08T15:26:24Z,이동경 첫골 진짜 잘넣었다
와진짜 저나라는 뭐이리 축구를 못하지 볼때마다 새롭네 ..,2025-07-08T15:26:02Z,와진짜 저나라는 뭐이리 축구를 못하지 볼때마다 새롭네
골대앞에서 수비있는데 패스하는건 여전하네,2025-07-08T15:25:49Z,골대앞에서 수비있는데 패스하는건 여전하네
잔디 좋네 ㅋ,2025-07-08T15:25:40Z,잔디 좋네 ㅋ
ㅈㄴ 못하네 ㅋㅋ,2025-07-08T15:23:53Z,ㅈㄴ 못하네 ㅋㅋ
"1:41 명박
6:46 식빵
8:15 스페이스X",2025-07-08T15:22:51Z,141 명박 646 식빵 815 스페이스x
응원합니다 대한민국. 우승하자구요!,2025-07-08T15:20:18Z,응원합니다 대한민국 우승하자구요
"중국 까는글 비아냥 하나 없는거보니
관리 알만함",2025-07-08T15:18:12Z,중국 까는글 비아냥 없는거보니 관리 알만함
근데 중국은 우리나라 보다 자본력도 많을텐데 왜 맨날 한국한테 쩔쩔 매는거임? 그돈으로 좋은 감코진 데려오면 한국이랑 비비거나 이길수도 있을텐데,2025-07-08T15:17:13Z,근데 중국은 우리나라 보다 자본력도 많을텐데 맨날 한국한테 쩔쩔 매는거임 그돈으로 좋은 감코진 데려오면 한국이랑 비비거나 이길수도 있을텐데
방금 쇼츠보고 중국인 유튜버  반응보고  왔는데 관객수보고 중국 충격받을듯 한국이 중국상대로 죽일듯이 이기려고한게 아니라  그냥 무시 느낌 날만하네ㅋㅋ 2군에다가 관객수ㅋㅋㅋ 일본이였으면 그나마 타이틀 느낌 있어서 좀많았을듯,2025-07-08T15:16:11Z,방금 쇼츠보고 중국인 유튜버 반응보고 왔는데 관객수보고 중국 충격받을듯 한국이 중국상대로 죽일듯이 이기려고한게 아니라 그냥 무시 느낌 날만하네ㅋㅋ 2군에다가 관객수ㅋㅋㅋ 일본이였으면 그나마 타이틀 느낌 있어서 좀많았을듯
근데 진짜 이동경은....개인 능력이 떨어진다..개인기는 당연히 없고.. 제치는 것도 안되는 선수고...당연히 여기 나오는 선수 대부분이 알아주는 선수급들 아니고 이제 막 시작하고 준수한 애들밖에 없겠지만 중국 상대로 경기력이 좀 많이 아쉽다.,2025-07-08T15:14:43Z,근데 진짜 이동경은개인 능력이 떨어진다개인기는 당연히 없고 제치는 것도 안되는 선수고당연히 나오는 선수 대부분이 알아주는 선수급들 아니고 이제 막 시작하고 준수한 애들밖에 없겠지만 중국 상대로 경기력이 많이 아쉽다
"주민규는 진짜 투박한데 성공률이 좋아 ㅋㅋㅋ 신기해 참 
화려함은 없는 전형적인 옛날 스타일의 타겟형 스트라이커 위치선정만 좀더 해준다면 진짜 완벽한 타겟형 스타일 ㅋㅋㅋㅋ 화이팅
양민혁이 진짜 보고 싶긴한데 , .....  이승우가 더 나이먹기 전에 무조건 홍명보는 제발좀 이승우 한번 쓰자.... 진짜 부탁이다.... 이승우 손흥민 이강인 황인범 조합 진짜 보고 싶다....",2025-07-08T15:13:50Z,주민규는 진짜 투박한데 성공률이 ㅋㅋㅋ 신기해 화려함은 없는 전형적인 옛날 스타일의 타겟형 스트라이커 위치선정만 좀더 해준다면 진짜 완벽한 타겟형 스타일 ㅋㅋㅋㅋ 화이팅 양민혁이 진짜 보고 싶긴한데 이승우가 더 나이먹기 전에 무조건 홍명보는 제발좀 이승우 한번 쓰자 진짜 부탁이다 이승우 손흥민 이강인 황인범 조합 진짜 보고 싶다
"지금 저 맴버가 좋네 ㅋㅋ 탄력있어 
이름만 유명한 선수들 빠지니 잘해",2025-07-08T15:12:30Z,지금 맴버가 좋네 ㅋㅋ 탄력있어 이름만 유명한 선수들 빠지니 잘해
"예전보다 확실히 잘해진거 같은데 한국..
근데 너무 상대 골대 앞에서 양보하려는 마음이 너무 큰듯. 이거 땜에 자꾸 멈칫멈칫 하게 되고 타이밍 뺏기고.
그냥 시원하게 때리고 세컨볼 따는게 차라리 더 나을것 같음",2025-07-08T15:12:22Z,예전보다 확실히 잘해진거 같은데 한국 근데 너무 상대 골대 양보하려는 마음이 너무 큰듯 이거 땜에 자꾸 멈칫멈칫 하게 되고 타이밍 뺏기고 그냥 시원하게 때리고 세컨볼 따는게 더 나을것 같음
국대  경기가 K리그 경기보다 관중이 없네,2025-07-08T15:03:31Z,국대 경기가 k리그 경기보다 관중이 없네
중국한테 졌뿌라 ㅎ,2025-07-08T15:01:12Z,중국한테 졌뿌라 ㅎ
김진규 박진섭 김주성 추억의이름들이다😊,2025-07-08T15:01:07Z,김진규 박진섭 김주성 추억의이름들이다
아니 우리 선수들 너무 다 잘하고 좋은데 ㅠㅠ 쇄도 하는 공격수에 대한 컷백이 대체왜 자꾸 감속을 거는 컷백이냐고 이거 진짜 유소년 교육의 문제임??????? 이런모습이 보일때마다 우리나라는 한창 멀었다라고 밖에 할수가 없는데 전부다 이러면 어떻하냐고.... 형들 다 그이상 할수 있는사람들인데 왜 대체 ㅠㅠㅠㅠㅠ 그동안 우리가 헛소리 해댄거에 대한 업보냐구.... ㅠㅠ,2025-07-08T15:00:07Z,선수들 너무 다 잘하고 좋은데 ㅠㅠ 쇄도 하는 공격수에 대한 컷백이 대체왜 자꾸 감속을 거는 컷백이냐고 이거 진짜 유소년 교육의 문제임 이런모습이 보일때마다 우리나라는 한창 멀었다라고 밖에 할수가 없는데 전부다 이러면 어떻하냐고 형들 다 그이상 할수 있는사람들인데 대체 ㅠㅠㅠㅠㅠ 그동안 우리가 헛소리 해댄거에 대한 업보냐구 ㅠㅠ
관중석이 텅빈 이유 홍명보가 잇어서 그래,2025-07-08T15:00:05Z,관중석이 텅빈 이유 홍명보가 잇어서
국대경기인데 관중석 빈거봐라ㅋㅋ,2025-07-08T14:59:19Z,국대경기인데 관중석 빈거봐라ㅋㅋ
축구 언제했음?,2025-07-08T14:58:21Z,축구 언제했음
중국한테 지면 뭐 나가죽어야지,2025-07-08T14:57:46Z,중국한테 지면 뭐 나가죽어야지
임마들은 왜 계속 축구를 몰래하노…,2025-07-08T14:55:45Z,임마들은 계속 축구를 몰래하노
18번 마음에 안드네 앞에 달라고 손짓하는거봐라,2025-07-08T14:55:20Z,18번 마음에 안드네 앞에 달라고 손짓하는거봐라
국대도 돈내고 보냐?,2025-07-08T14:54:32Z,국대도 돈내고 보냐
"상대가 중국이라서가 아니라, 진짜 선수들 기회와도 못 잡고 뻥 축구 오지네,,, 그리고 왤케 패스 보는 시야가 좁냐",2025-07-08T14:54:15Z,상대가 중국이라서가 아니라 진짜 선수들 기회와도 못 잡고 뻥 축구 오지네 왤케 패스 보는 시야가 좁냐
"안 그래도 아시안컵도 위상 낮고 수준 낮은데, 동 아시안 컵은 왜 하는 겨?",2025-07-08T14:51:16Z,안 아시안컵도 위상 낮고 수준 낮은데 동 아시안 컵은 하는 겨
CCP OUT,2025-07-08T14:48:07Z,ccp out
중국 센터백 아마추어를 세워놨냐,2025-07-08T14:46:31Z,중국 센터백 아마추어를 세워놨냐
중국 대 중국아님?,2025-07-08T14:46:13Z,중국 대 중국아님
짜장들 ㄹㅇ 못하네 저게 국대야?ㅋㅋ,2025-07-08T14:44:28Z,짜장들 ㄹㅇ 못하네 저게 국대야ㅋㅋ
중국축구가 정말 참으로 수준 낮다는 걸 느낌,2025-07-08T14:44:23Z,중국축구가 정말 참으로 수준 낮다는 걸 느낌
"와 하는지도 몰랐고, 관중 뭐냐 ㄷㄷㄷ 날씨 탓 하기엔 야구장은 평일에도 진짜 다 만원관중이다 ㄷㄷㄷㄷ",2025-07-08T14:44:02Z,하는지도 몰랐고 관중 뭐냐 ㄷㄷㄷ 날씨 탓 하기엔 야구장은 평일에도 진짜 다 만원관중이다 ㄷㄷㄷㄷ
이동경 실력대비 부각안되는듯,2025-07-08T14:44:02Z,이동경 실력대비 부각안되는듯
축구가 재미없어졌다,2025-07-08T14:43:14Z,축구가 재미없어졌다
"6:0으로  질 수 있던 중국이 봐 줬군,,,
전반에 3:0, 후 반에 3골을 못 넣었네 ,,,  정,홍은 뭣하냐?? 안내려오고 ??",2025-07-08T14:41:43Z,60으로 질 수 있던 중국이 줬군 전반에 30 후 반에 3골을 못 넣었네 정홍은 뭣하냐 안내려오고
전반전 보다가 드라마봤다 정몽규아웃,2025-07-08T14:39:06Z,전반전 보다가 드라마봤다 정몽규아웃
한국에서 경기하는데도 이 정도면 냉정하게 비긴거나 마친기지다 ㅉㅉㅉ,2025-07-08T14:38:34Z,한국에서 경기하는데도 정도면 냉정하게 비긴거나 마친기지다 ㅉㅉㅉ
후진추구 아직도 하고있네,2025-07-08T14:38:11Z,후진추구 아직도 하고있네
축구 진짜 못한다,2025-07-08T14:38:03Z,축구 진짜 못한다
왜 이리 더울때 경기 일정을 잡지?,2025-07-08T14:37:59Z,이리 더울때 경기 일정을 잡지
잘하네,2025-07-08T14:35:24Z,잘하네
어째 유니폼 색깔이 바뀐거 같다 ㅋㅋㅋㅋ,2025-07-08T14:34:51Z,어째 유니폼 색깔이 바뀐거 ㅋㅋㅋㅋ
죄명이는 중국 응원하겠지?,2025-07-08T14:34:31Z,죄명이는 중국 응원하겠지
국대경기는 너무 재미가없다ㅠㅠ epl보다 눈이 너무높아져서그런지  애들 축구같어 ㅠㅠ 그리고 너무 답답함  그냥 하이라이트로 보는걸추천,2025-07-08T14:34:16Z,국대경기는 너무 재미가없다ㅠㅠ epl보다 눈이 너무높아져서그런지 애들 축구같어 ㅠㅠ 너무 답답함 그냥 하이라이트로 보는걸추천
이거 언제 어디서 한거예요?,2025-07-08T14:29:09Z,이거 어디서 한거예요
선수들젊으니개잘힌다ㅋㅋ,2025-07-08T14:28:39Z,선수들젊으니개잘힌다ㅋㅋ
해외리거들은 왜 안왔나요?,2025-07-08T14:28:27Z,해외리거들은 안왔나요
이동경 좋네 계속해서 뽑혀야해,2025-07-08T14:24:54Z,이동경 좋네 계속해서 뽑혀야해
축구 안본지 오래됐다 홍씨 내보내면 볼텐데,2025-07-08T14:24:35Z,축구 안본지 오래됐다 홍씨 내보내면 볼텐데
"홍명보 축구는 하튼 그때 그때 대충 축구.
왜냐면 전날 졸라 술쳐먹고 하는 축구라.

문선민? 쟤는 그냥 동네 축구나 해라.
패스 하는 거 보면
상대한테 다 읽히는 저급.

뭐? 골욕심이 없어?
웃기고 있네
욕심이 없으면 제대로 어시 해야지
뭔, 에휴.
제발 쟤 좀 빼라.

황의조가 그립다.",2025-07-08T14:24:29Z,홍명보 축구는 하튼 대충 축구 왜냐면 전날 졸라 술쳐먹고 하는 축구라 문선민 쟤는 그냥 동네 축구나 해라 패스 하는 거 보면 상대한테 다 읽히는 저급 뭐 골욕심이 없어 웃기고 있네 욕심이 없으면 제대로 어시 해야지 뭔 에휴 제발 쟤 빼라 황의조가 그립다
관중이 왤케읍치ㅋㅋ,2025-07-08T14:22:17Z,관중이 왤케읍치ㅋㅋ
잘했지만 아쉬운 경기...분명 더 득점이 나왔어야 했다..해외파들이 괜히 해외파가 아님을 이 경기 통헤서 보여줬다 생각합니다 잘했지만 상대가 중국이였던 점을 감안하면 최소 5골은 나왔어야 했는데 아쉬움..선수들이 이 경기를 만족해 하지 않았음 좋겠다 평소 국내파끼리 발을 맞춘게 아니었던 점을 고려한다면 충분히 잘했다 평가는 할 수 있을듯 암튼 남녀 우승 가즈아!!,2025-07-08T14:21:48Z,잘했지만 아쉬운 경기분명 더 득점이 나왔어야 했다해외파들이 괜히 해외파가 아님을 경기 통헤서 보여줬다 생각합니다 잘했지만 상대가 중국이였던 점을 감안하면 최소 5골은 나왔어야 했는데 아쉬움선수들이 경기를 만족해 하지 않았음 좋겠다 평소 국내파끼리 발을 맞춘게 아니었던 점을 고려한다면 충분히 잘했다 평가는 할 수 있을듯 암튼 남녀 우승 가즈아
선수들 더운 날씨에 고생이 많으셨습니다. 감사드립니다.,2025-07-08T14:21:27Z,선수들 더운 날씨에 고생이 많으셨습니다 감사드립니다
중국 저거 국대 맞냐???,2025-07-08T14:19:07Z,중국 저거 국대 맞냐
관중이 없냐,2025-07-08T14:16:55Z,관중이 없냐
공 받고 바로좀 차라 제발 개모태,2025-07-08T14:16:44Z,공 받고 바로좀 차라 제발 개모태
3:0 도 감사해라 중국 아직 멀었다,2025-07-08T14:14:58Z,30 도 감사해라 중국 아직 멀었다
언론사님둘아 제발 홍명보호라는 표현 하지 말아주세요.,2025-07-08T14:12:33Z,언론사님둘아 제발 홍명보호라는 표현 하지 말아주세요
이상하게도 중국 소림축구가 안보이네요? 갑자기 착해졌나?,2025-07-08T14:11:18Z,이상하게도 중국 소림축구가 안보이네요 갑자기 착해졌나
날이 너무 더운것도 있겠지만 반의 반도 안찬 경기장을 보면 좀 슬프네..,2025-07-08T14:08:46Z,날이 너무 더운것도 있겠지만 반의 반도 안찬 경기장을 보면 슬프네
더워뒤지겟는대 뛰고잇다니....엄지척,2025-07-08T14:08:41Z,더워뒤지겟는대 뛰고잇다니엄지척
독수리슛 마니 나오네 ㅋㅋㅋ,2025-07-08T14:08:26Z,독수리슛 마니 나오네 ㅋㅋㅋ
6:45 아 씨발 ㅋㅋㅋㅋㅋㅋㅋㅋㅋㅋㅋㅋ,2025-07-08T14:08:03Z,645 씨발 ㅋㅋㅋㅋㅋㅋㅋㅋㅋㅋㅋㅋ
중국 동아시아 팀이 그나마 중국 국가대표보다 낫네..  ㅎㅎ,2025-07-08T14:07:35Z,중국 동아시아 팀이 그나마 중국 국가대표보다 낫네 ㅎㅎ
정말 더웠을껀데 열심히 한 우리나라선수 최고  짱짱맨들,2025-07-08T14:06:24Z,정말 더웠을껀데 열심히 한 우리나라선수 최고 짱짱맨들
경기장에 인원이 왜케적지?,2025-07-08T14:06:18Z,경기장에 인원이 왜케적지
"팬들은 못 넣는걸 욕안함,
쉽게 안 차는걸 욕하지",2025-07-08T14:06:13Z,팬들은 못 넣는걸 욕안함 쉽게 안 차는걸 욕하지
7대0은 나왔어야 하는거 같다 아쉽다,2025-07-08T14:06:10Z,7대0은 나왔어야 하는거 아쉽다
홍은 아직까지 강국과 상대한적이없다,2025-07-08T14:06:04Z,홍은 아직까지 강국과 상대한적이없다
"축구 경기 중계. 홍보도 안하냐?
대부분이 축구 하는지도 모르고 있잖아. 홍명보-> 홍보 .?
관중이 없는거는 홍보 부족도 한몫 한거 같은데?",2025-07-08T14:05:55Z,축구 경기 중계 홍보도 안하냐 대부분이 축구 하는지도 모르고 있잖아 홍명보 홍보 관중이 없는거는 홍보 부족도 한몫 한거 같은데
대한민국/중국선수들 승패를 떠나 이 무더위에 경기하느라 고생 많았습니다.,2025-07-08T14:04:13Z,대한민국중국선수들 승패를 떠나 무더위에 경기하느라 고생 많았습니다
처음보는애들와이리많노,2025-07-08T13:59:54Z,처음보는애들와이리많노
"일본전이 걱정이다
또 3대0 아니겠지",2025-07-08T13:56:36Z,일본전이 걱정이다 3대0 아니겠지
내가 문선빈보다 축구 잘할것같은데 ㅋㅋㅋㅋㅋㅋㅋㅋ,2025-07-08T13:49:48Z,내가 문선빈보다 축구 잘할것같은데 ㅋㅋㅋㅋㅋㅋㅋㅋ
"리동경은 해외 도전 다시했으면
깡다구도 있고 중거리슈팅이라는 확실한 무기도 있음
측면이나 중앙으로 쓰기에는 애매한 구석이 있어서 쳐진 스트라이커 자리가 베스트인데 유럽 다시 도전해보길",2025-07-08T13:44:47Z,리동경은 해외 도전 다시했으면 깡다구도 있고 중거리슈팅이라는 확실한 무기도 있음 측면이나 중앙으로 쓰기에는 애매한 구석이 있어서 쳐진 스트라이커 자리가 베스트인데 유럽 다시 도전해보길
계속 쿠팡에서 국대 생중계 해라. 국민대부분은 모르고 지나가다가 유튜브로 볼꺼다.프로경기까진 이해하는데 국대경기는 공중파에서 해야하는거 아니냐?,2025-07-08T13:44:19Z,계속 쿠팡에서 국대 생중계 해라 국민대부분은 모르고 지나가다가 유튜브로 볼꺼다프로경기까진 이해하는데 국대경기는 공중파에서 해야하는거 아니냐
"❤341평 단독주택 매매 해요 
공일공사공칠이공공공칠❤",2025-07-08T13:43:33Z,341평 단독주택 매매 공일공사공칠이공공공칠
문선민 탈모임?,2025-07-08T13:42:49Z,문선민 탈모임
"이런 대회도 있었냐?
바보 축구들...
고만해라
관심없다",2025-07-08T13:41:57Z,대회도 있었냐 바보 축구들 고만해라 관심없다
축구 한지도 몰랐네,2025-07-08T13:41:56Z,축구 한지도 몰랐네
4:11 내가 잘못들었나?? 이거 야유임?,2025-07-08T13:41:40Z,411 내가 잘못들었나 이거 야유임
"홍    끝까지 퇴사 안하는 군..
선수들은 모두모두 화이팅",2025-07-08T13:41:14Z,홍 끝까지 퇴사 안하는 군 선수들은 모두모두 화이팅
"꼴보기 싫은 정몽규, 홍명보 제발 아웃!",2025-07-08T13:40:51Z,꼴보기 싫은 정몽규 홍명보 제발 아웃
또지냐ㅋㅋㅋ,2025-07-08T13:39:47Z,또지냐ㅋㅋㅋ
너무 덥다,2025-07-08T13:39:04Z,너무 덥다
동아시안컵 왜하는거임 공식 a매치도 아니고 상대들이 일본빼고 못하는데 우린 강한상대랑 싸워서 국제무대 경험 쌓는게 중요한데...,2025-07-08T13:38:03Z,동아시안컵 왜하는거임 공식 a매치도 아니고 상대들이 일본빼고 못하는데 우린 강한상대랑 싸워서 국제무대 경험 쌓는게 중요한데
축구하는지도몰랏네..명보랑..누구땜시ㅋㄱㄲ,2025-07-08T13:38:00Z,축구하는지도몰랏네명보랑누구땜시ㅋㄱㄲ
TV조선에서 안보는 방법은 없나요?,2025-07-08T13:36:23Z,tv조선에서 안보는 방법은 없나요
축구 예전만큼 재미가없어요ㅠㅠ,2025-07-08T13:33:01Z,축구 예전만큼 재미가없어요ㅠㅠ
관중 실화인가? 한국에서 경기 한거인가? 중국 용인시에서 경기 한거인가? 중국이아도 이 정도 안나오지,2025-07-08T13:32:54Z,관중 실화인가 한국에서 경기 한거인가 중국 용인시에서 경기 한거인가 중국이아도 정도 안나오지
문선민은좀..,2025-07-08T13:32:02Z,문선민은좀
정몽규 홍명보 아웃,2025-07-08T13:25:48Z,정몽규 홍명보 아웃
이*명이 이 영상을 싫어합니다.,2025-07-08T13:25:10Z,이명이 영상을 싫어합니다
"정몽규 홍명보 꼴보기 싫어서 직관 안간다 
정몽규 홍명보 꺼져",2025-07-08T13:24:03Z,정몽규 홍명보 꼴보기 싫어서 직관 안간다 정몽규 홍명보 꺼져
재미가 없어지는 대한민국 축구,2025-07-08T13:23:19Z,재미가 없어지는 대한민국 축구
중국 3대 0  이 자랑스럽니? 명보씨,2025-07-08T13:22:23Z,중국 3대 0 자랑스럽니 명보씨
이영상은 범죄단체당 수고 보째명이가 좋아하지 않습니다,2025-07-08T13:20:01Z,이영상은 범죄단체당 수고 보째명이가 좋아하지 않습니다
문선민 기회 몇번을 날리는겨,2025-07-08T13:18:41Z,문선민 기회 몇번을 날리는겨
진짜 봐도봐도 못하네....,2025-07-08T13:18:17Z,진짜 봐도봐도 못하네
"쿠팡플레이 가입하고 쿠플의 모든 스포츠 콘텐츠를 무제한으로 youtube로 만나보세요. 
축구 하는 줄도 몰랐네. 중국 이겨 먹었다고 누가 국뽕 올려놓은 줄 알았네...
유튜브 조회수가 시청자 수보다 더 많은 거 아닌가?",2025-07-08T13:17:40Z,쿠팡플레이 가입하고 쿠플의 모든 스포츠 콘텐츠를 무제한으로 youtube로 만나보세요 축구 하는 줄도 몰랐네 중국 이겨 먹었다고 누가 국뽕 올려놓은 줄 알았네 유튜브 조회수가 시청자 수보다 더 많은 거 아닌가
이동경은 킥만 좋고 패스 경로랑 타이밍이 별로네,2025-07-08T13:16:25Z,이동경은 킥만 좋고 패스 경로랑 타이밍이 별로네
셰셰들 개박살 내려버라 대한민국 파이팅,2025-07-08T13:14:07Z,셰셰들 개박살 내려버라 대한민국 파이팅
잘한게 아니고 중국이 못한거임,2025-07-08T13:14:03Z,잘한게 아니고 중국이 못한거임
와 문선빈 몸싸움 뭐야 ㄷㄷㄷ,2025-07-08T13:13:34Z,문선빈 몸싸움 뭐야 ㄷㄷㄷ
줜나 못하네.그지득,2025-07-08T13:13:10Z,줜나 못하네그지득
이게 국대경기 인가요??,2025-07-08T13:12:59Z,이게 국대경기 인가요
후..,2025-07-08T13:10:31Z,후
유독 쿠팡플레이 댓글 여론중에 홍명보 정몽규 실드치는 댓글들 많은데 여기만 댓글 작업하는거 다 티난다 ㅌㅋㅋㅋㅋㅋㅋㅋ 추하다 몽규야,2025-07-08T13:10:27Z,유독 쿠팡플레이 댓글 여론중에 홍명보 정몽규 실드치는 댓글들 많은데 여기만 댓글 작업하는거 다 티난다 ㅌㅋㅋㅋㅋㅋㅋㅋ 추하다 몽규야
진짜 못한다,2025-07-08T13:09:59Z,진짜 못한다
뭔 중국을 상대로 똥을 싸노,2025-07-08T13:05:44Z,뭔 중국을 상대로 똥을 싸노
중국이 중궈했다,2025-07-08T13:05:17Z,중국이 중궈했다
진짜 오지게도 못하네 쏘니 강인이등 다 빠지면 다음세대들부터는 안봐도 암울하겠다,2025-07-08T13:02:38Z,진짜 오지게도 못하네 쏘니 강인이등 다 빠지면 다음세대들부터는 안봐도 암울하겠다
9:20  이걸 뒤에다 저따구로 주네ㅋㅋㅋㅋㅋㅋ,2025-07-08T13:02:18Z,920 이걸 뒤에다 저따구로 주네ㅋㅋㅋㅋㅋㅋ
공산당꺼져,2025-07-08T13:00:57Z,공산당꺼져
"와 하다하다 몽 홍 댓글부대는 첨이다 ㅋㅋㅋㅋ
몽 홍 자리에 앉을사람 많다~~~~
2찍들아 ㅋㅋ",2025-07-08T12:59:05Z,하다하다 몽 홍 댓글부대는 첨이다 ㅋㅋㅋㅋ 몽 홍 자리에 앉을사람 많다 2찍들아 ㅋㅋ
난 이번 국대 선수들 너무 좋다🫶🏻,2025-07-08T12:58:56Z,난 국대 선수들 너무 좋다
지인이 치킨집을 하는데 최근에는 축구하는날도 매출 변동이 없다네요😅,2025-07-08T12:57:51Z,지인이 치킨집을 하는데 최근에는 축구하는날도 매출 변동이 없다네요
"많은 축구팬들이 잘 모르는 사실이 있는데 우리나라가 매번 중국을 이기긴 하지만 4점차 이상의 대승을 한적은 아직까지 없습니다. 그러니 3점차 승리는 나름 잘한거에요. 그렇다고 홍명보를 칭찬하기엔 좀 이른게, 그 클린스만도 중국을 3:0으로 이겼습니다.",2025-07-08T12:57:22Z,많은 축구팬들이 잘 모르는 사실이 있는데 우리나라가 중국을 이기긴 4점차 이상의 대승을 한적은 아직까지 없습니다 3점차 승리는 나름 잘한거에요 그렇다고 홍명보를 칭찬하기엔 이른게 클린스만도 중국을 30으로 이겼습니다
축구 한 줄도 몰랐다 ㅋㅋㅋ,2025-07-08T12:57:22Z,축구 한 줄도 몰랐다 ㅋㅋㅋ
플레이가 중국스럽군,2025-07-08T12:56:22Z,플레이가 중국스럽군
홍명보 감독 자리 조사 하고 물러나라 그리고 연봉수십억 뱉아내고,2025-07-08T12:55:32Z,홍명보 감독 자리 조사 하고 물러나라 연봉수십억 뱉아내고
이동경 킥력은 좋은데 하이라이트만 보는데도 플레이가 확실히 좀 아쉽네,2025-07-08T12:55:23Z,이동경 킥력은 좋은데 하이라이트만 보는데도 플레이가 확실히 아쉽네
"처음에 이동경이 골 넣는 앞 장면에서 막 뚫리길래 
하얀색이 우리 팀인줄 알고 한국 엄청 못한다 생각하고 충격 먹었는데 다행?인지 중국이었네
근데 선수들 수고했지만 아무리 더워도
중국 홈도 아닌데 상대가 중국이면 적어도 5:0으로 이겨야 하는 거 아닌가
목표가 월드컵 본선 진출이 목적인 애들한테
3:0은 진거나 다름 없다 4:0은 무승부고 5점은 넣어야 이겼다고 할 수 있지",2025-07-08T12:54:35Z,처음에 이동경이 골 넣는 앞 장면에서 막 뚫리길래 하얀색이 팀인줄 알고 한국 엄청 못한다 생각하고 충격 먹었는데 다행인지 중국이었네 근데 선수들 수고했지만 아무리 더워도 중국 홈도 아닌데 상대가 중국이면 적어도 50으로 이겨야 하는 거 아닌가 목표가 월드컵 본선 진출이 목적인 애들한테 30은 진거나 다름 없다 40은 무승부고 5점은 넣어야 이겼다고 할 수 있지
k리그 경기인줄ㅋㅋㅋㅋ,2025-07-08T12:54:00Z,k리그 경기인줄ㅋㅋㅋㅋ
이겼는 왜 이렇게 못하냐!!!,2025-07-08T12:50:04Z,이겼는 이렇게 못하냐
이죄명이  울겠네요   쎄쎄     우리북한,2025-07-08T12:49:10Z,이죄명이 울겠네요 쎄쎄 우리북한
도쿄리 첫골은 옛날에 흥민존 골 생각 나네 ㄷㄷㄷㄷ,2025-07-08T12:48:20Z,도쿄리 첫골은 옛날에 흥민존 골 생각 나네 ㄷㄷㄷㄷ
02:46에  왼쪽으로 찔러줄 수 있는 공간이 충분하다 못해 널럴한데도 굳이 템포를 멈추고 뒤로 패스를 한 다음에 왼쪽으로 패스를 하라고 제스처를 취하는건 뭐냐? 지가 직접 패스를 하고 전방으로 대쉬를 할것이지. 참 이해가 안되네.  평소에 하도 백패스가 습관인 나머지 빠른 템포로 역습 전개하는건 몸에 익숙치가 않아서 그런가? 이동경아. 왜 그러니?  이게 국내용 선수들의 한계인가?,2025-07-08T12:47:39Z,0246에 왼쪽으로 찔러줄 수 있는 공간이 충분하다 못해 널럴한데도 굳이 템포를 멈추고 뒤로 패스를 한 왼쪽으로 패스를 하라고 제스처를 취하는건 뭐냐 지가 직접 패스를 하고 전방으로 대쉬를 할것이지 이해가 안되네 평소에 하도 백패스가 습관인 나머지 빠른 템포로 역습 전개하는건 몸에 익숙치가 않아서 그런가 이동경아 이게 국내용 선수들의 한계인가
프로축구 관중이냐?,2025-07-08T12:47:04Z,프로축구 관중이냐
와 왼발감차 궤적미쳤네,2025-07-08T12:45:18Z,왼발감차 궤적미쳤네
"홍명보 만세!!! 
손흥민 국대 은퇴!!",2025-07-08T12:44:13Z,홍명보 만세 손흥민 국대 은퇴
몇시에함? 그래도 동아시안컵이라 시간대 7~8시 일텐데 어디든,2025-07-08T12:42:48Z,몇시에함 동아시안컵이라 시간대 78시 일텐데 어디든
민심은 홍명보다^^ 개듣보 비전문가 분탕에 속지 맙시다~~,2025-07-08T12:42:46Z,민심은 홍명보다 개듣보 비전문가 분탕에 속지 맙시다
중국은 짱롱도르 수상자 우레이가 없어서 골도 못 넣고 진건가? ㅋㅋ,2025-07-08T12:40:44Z,중국은 짱롱도르 수상자 우레이가 없어서 골도 못 넣고 진건가 ㅋㅋ
쎄쎄,2025-07-08T12:40:37Z,쎄쎄
문선민은 얼굴보고 골키퍼가 한골 내줄만도한데…,2025-07-08T12:40:27Z,문선민은 얼굴보고 골키퍼가 한골 내줄만도한데
"이동경 약발4정도만 됬어도
좋았을텐더 약발1이네ㅋㅋㅋ",2025-07-08T12:40:08Z,이동경 약발4정도만 됬어도 좋았을텐더 약발1이네ㅋㅋㅋ
응원해야되나?,2025-07-08T12:38:16Z,응원해야되나
한국도 뒤지게 못하네 씹,2025-07-08T12:38:14Z,한국도 뒤지게 못하네 씹
"문선민 좀 빼자 슈팅 은 개발에 슈팅,패쓰타이밍 노답",2025-07-08T12:37:39Z,문선민 빼자 슈팅 은 개발에 슈팅패쓰타이밍 노답
아니시바 하늘로 날리는건 대체..,2025-07-08T12:36:44Z,아니시바 하늘로 날리는건 대체
이승우는 2군도 못되나..,2025-07-08T12:33:39Z,이승우는 2군도 못되나
4:15 야유좀 하지마라 매국 이사찍들도 아니고 ㅉㅉ,2025-07-08T12:33:07Z,415 야유좀 매국 이사찍들도 아니고 ㅉㅉ
김문환 조현우 빼고 다 2군이네.,2025-07-08T12:32:04Z,김문환 조현우 빼고 다 2군이네
"근데 중국 얘네는 어려서 그런가 아직 상대방 때리지는 않네?  
😂😂😂",2025-07-08T12:31:29Z,근데 중국 얘네는 어려서 그런가 아직 상대방 때리지는 않네
크로스 난발,2025-07-08T12:29:32Z,크로스 난발
"주천재=주바보
장위닝=장로스",2025-07-08T12:28:55Z,주천재주바보 장위닝장로스
정몽규 홍명보 땜에 이제  동네  치킨집  망하게 생겼다,2025-07-08T12:25:20Z,정몽규 홍명보 땜에 이제 동네 치킨집 망하게 생겼다
중국한테 3점차 졸라 못햇네ㅠ,2025-07-08T12:20:28Z,중국한테 3점차 졸라 못햇네ㅠ
"선수들 수고많았고 승리를 축하드립니다.
단지 공격중 마무리가 세련되지 못해 좋은 기회를 많이 놓친 아쉬움이 있습니다.
일본전 전까지 보다 잘 다듬어 반듯이 승리할 수 있었으면 좋겠습니다.",2025-07-08T12:18:05Z,선수들 수고많았고 승리를 축하드립니다 공격중 마무리가 세련되지 못해 좋은 기회를 많이 놓친 아쉬움이 있습니다 일본전 전까지 보다 잘 다듬어 반듯이 승리할 수 있었으면 좋겠습니다
천국과 지옥은 존재하고 예수님께선 그리스도이시며 길이요 진리요 생명이십니다 예수님께선 십자가에서 인류죄를 대속하셨고 그분께선 부활이요 생명이시며 다시오십니다 회개. 예수님께선 구세주이심을 선포합니다 현금없는 사회와 CBDC  디지털화폐는 사탄이원하는 바이므로 하면 안되고 모바일신분증 현금없는버스 반대하시며 베리칩과 666표 받지 마십시요,2025-07-08T12:17:31Z,천국과 지옥은 존재하고 예수님께선 그리스도이시며 길이요 진리요 생명이십니다 예수님께선 십자가에서 인류죄를 대속하셨고 그분께선 부활이요 생명이시며 다시오십니다 회개 예수님께선 구세주이심을 선포합니다 현금없는 사회와 cbdc 디지털화폐는 사탄이원하는 바이므로 하면 안되고 모바일신분증 현금없는버스 반대하시며 베리칩과 666표 받지 마십시요
차넣지 뭔 저런 패스질이야,2025-07-08T12:15:54Z,차넣지 뭔 저런 패스질이야
뭔가 선수들이 좀 굼뜨는 느낌이 있었는데 역시 더위앞에 장사없네,2025-07-08T12:14:52Z,뭔가 선수들이 굼뜨는 느낌이 있었는데 역시 더위앞에 장사없네
8:07 새로운 대기권돌파슛    담장 넘어갔다 공 주워와라,2025-07-08T12:12:49Z,807 새로운 대기권돌파슛 담장 넘어갔다 공 주워와라
국대 선수들 정말 수고 많으셨어요! 이 댓글 보고 조금이라도 힘 얻었으면 좋겠네요,2025-07-08T12:10:39Z,국대 선수들 정말 수고 많으셨어요 댓글 보고 조금이라도 힘 얻었으면 좋겠네요
한국은 곧 중국이될것이다 하나의 중국!,2025-07-08T12:10:04Z,한국은 중국이될것이다 하나의 중국
6:11 아오 문선민이 넣었어야지 중국 개빡치게,2025-07-08T12:08:07Z,611 아오 문선민이 넣었어야지 중국 개빡치게
김문환 크로스 능력 별로임... 멀리서 올리는 크로스가 들어갈 확률은 낮음 좀 가까이 파고 드는 노력좀해야함,2025-07-08T12:07:37Z,김문환 크로스 능력 별로임 멀리서 올리는 크로스가 들어갈 확률은 낮음 가까이 파고 드는 노력좀해야함
어디서 한거죠? 관중이 텅텅 비었네...,2025-07-08T12:06:01Z,어디서 한거죠 관중이 텅텅 비었네
제2의손흥민은 안보이네,2025-07-08T12:05:33Z,제2의손흥민은 안보이네
"컷백 왜케 못하냐 ㅋㅋㅋ 중국상대로 ;;;;
날려먹은게 몇개고......",2025-07-08T12:05:10Z,컷백 왜케 못하냐 ㅋㅋㅋ 중국상대로 날려먹은게 몇개고
국대경기 옛날에는 진짜 챙겨봤는데 우리 국민들 눈을 올려버린 갓흥민 떄문에 다들 해축의 수준에 빠져버림ㅋㅋㅋㅋㅋ,2025-07-08T12:04:53Z,국대경기 옛날에는 진짜 챙겨봤는데 국민들 눈을 올려버린 갓흥민 떄문에 다들 해축의 수준에 빠져버림ㅋㅋㅋㅋㅋ
홍명보 진짜 보기 싫은데....,2025-07-08T12:04:41Z,홍명보 진짜 보기 싫은데
ㅋㅋㅋㅋㅋㅋㅋㅋㅋㅋㅋ점점퇴화하네 실력이,2025-07-08T12:02:50Z,ㅋㅋㅋㅋㅋㅋㅋㅋㅋㅋㅋ점점퇴화하네 실력이
"중국은 진짜 너무못한다~~
초 심각~~~시진핑이 아예 관심이 없네~~~",2025-07-08T12:02:40Z,중국은 진짜 너무못한다 초 심각시진핑이 아예 관심이 없네
"중국은 근데 진짜 답이없긴 하구나. 수비 라인도 안맞고 골문앞에서 순발력도 부족해 , 공간 커버도 못해 등등 헛점을 말하자면 한두가지가 아니구만... 이런 팀이랑 축구하는건 월드컵 본무대에서 경쟁력 쌓는데에  별 도움이 안돼.",2025-07-08T12:01:51Z,중국은 근데 진짜 답이없긴 수비 라인도 안맞고 골문앞에서 순발력도 부족해 공간 커버도 못해 헛점을 한두가지가 아니구만 팀이랑 축구하는건 월드컵 본무대에서 경쟁력 쌓는데에 별 도움이 안돼
중국 딱 2%부족하내......,2025-07-08T12:01:08Z,중국 2부족하내
욕봤다,2025-07-08T11:59:59Z,욕봤다
축구가 더이상 재미없다,2025-07-08T11:59:32Z,축구가 더이상 재미없다
"졌네? ㅋㅋㅋㅋ 몇골을 놓치는건데?
그냥 중국이 이겼으면 좋겠네",2025-07-08T11:59:08Z,졌네 ㅋㅋㅋㅋ 몇골을 놓치는건데 그냥 중국이 이겼으면 좋겠네
6:49 이태석은 옆에서 보니까 딱 자기 아버지다 ㅋㅋㅋ,2025-07-08T11:58:09Z,649 이태석은 옆에서 보니까 아버지다 ㅋㅋㅋ
멍보 속의 작은 아이는 지금 뭐하고 있나?,2025-07-08T11:54:29Z,멍보 속의 작은 아이는 지금 뭐하고 있나
10번 존나 ㅇ못하네,2025-07-08T11:50:48Z,10번 존나 ㅇ못하네
영상 제목이 잘못된거 같은데 중국vs중국 아닌가요?,2025-07-08T11:50:08Z,영상 제목이 잘못된거 같은데 중국vs중국 아닌가요
아시아의 현실..을 가장잘보여준,2025-07-08T11:48:18Z,아시아의 현실을 가장잘보여준
오 도쿄리 다시 국대 돌아왔구나!! 도쿄리 U-20때 진짜 잘한다고 생각했는데,2025-07-08T11:47:26Z,도쿄리 다시 국대 돌아왔구나 도쿄리 u20때 진짜 잘한다고 생각했는데
4:18 이운재 살빠져서 중국갔나?,2025-07-08T11:47:20Z,418 이운재 살빠져서 중국갔나
리짜이밍이 전승절 가면 시진핑한테 조인트 까이겠네,2025-07-08T11:47:02Z,리짜이밍이 전승절 가면 시진핑한테 조인트 까이겠네
결정력도 문제인데 문전에서 주는 패스가 존나 답답하다. 진짜 저렇게  기회 다 만들어놓고도 마지막 패스를 개같이 주니까 저걸 어떻게 슈팅 때리라고 주는건지...,2025-07-08T11:45:59Z,결정력도 문제인데 문전에서 주는 패스가 존나 답답하다 진짜 저렇게 기회 다 만들어놓고도 마지막 패스를 개같이 주니까 저걸 슈팅 때리라고 주는건지
수고하셨습니다~ 대한민국 축구 화이팅,2025-07-08T11:45:29Z,수고하셨습니다 대한민국 축구 화이팅
해설 나만 오글거림?,2025-07-08T11:44:36Z,해설 나만 오글거림
이동경 골 저건 키퍼가 돈나룸마였어도 못막는 골이다,2025-07-08T11:44:03Z,이동경 골 저건 키퍼가 돈나룸마였어도 못막는 골이다
이동경 세금면제 2개월,2025-07-08T11:43:36Z,이동경 세금면제 2개월
와 ㅅㅂ 졸라덥겠다,2025-07-08T11:41:42Z,ㅅㅂ 졸라덥겠다
이재명 졌네 ㅋㅋㅋㅋㅋㅋㅋ,2025-07-08T11:41:28Z,이재명 졌네 ㅋㅋㅋㅋㅋㅋㅋ
1군멤버가6명이나 있는데 이번엔 3군 전력인 일본 박살내겠지..,2025-07-08T11:41:25Z,1군멤버가6명이나 있는데 이번엔 3군 전력인 일본 박살내겠지
해외파들이 안뛰는 국대경기를 안보게될줄이야...하이라이트도 그냥 k리그보는줄 ㅋ,2025-07-08T11:41:05Z,해외파들이 안뛰는 국대경기를 안보게될줄이야하이라이트도 그냥 k리그보는줄 ㅋ
이동경의 첫골은 손흥민의 그것을 연상되게 하는 통쾌한 골이 었네요. 멋있다. 이동경!!~,2025-07-08T11:39:34Z,이동경의 첫골은 손흥민의 그것을 연상되게 하는 통쾌한 골이 었네요 멋있다 이동경
K리그 선수들 자랑스럽다.,2025-07-08T11:38:52Z,k리그 선수들 자랑스럽다
이동경대타로이강인써라 ㅋㅋ,2025-07-08T11:38:36Z,이동경대타로이강인써라 ㅋㅋ
중국은 수치다. 그냥 땅을 전세계에 나눠줘라,2025-07-08T11:37:57Z,중국은 수치다 그냥 땅을 전세계에 나눠줘라
박문성 OUT,2025-07-08T11:37:25Z,박문성 out
잘 보고 갑니다.,2025-07-08T11:37:05Z,잘 보고 갑니다
좌파 OUT,2025-07-08T11:36:47Z,좌파 out
09:56 이동경 뭐하냐 ㅋㅋ 나쁜손 뭔데? 쇼트랙 판커신 나쁜손 저리가라네ㅋㅋㅋㅋ 예쁜 아내 있으면 다야? 부럽긴 해,2025-07-08T11:34:37Z,0956 이동경 뭐하냐 ㅋㅋ 나쁜손 뭔데 쇼트랙 판커신 나쁜손 저리가라네ㅋㅋㅋㅋ 예쁜 아내 있으면 다야 부럽긴 해
축구했었네? .ㅋㅋㅋㅋ,2025-07-08T11:34:17Z,축구했었네 ㅋㅋㅋㅋ
중국은 한국의 속국이지,2025-07-08T11:33:25Z,중국은 한국의 속국이지
아니 근데 솔직히 이대회를 왜하는거냐 ㅋㅋㅋㅋㅋㅋ 동아시안컵? 뭔의미야 ㅋㅋㅋㅋ 이겨도 져도 똥싸다만 ㅈ같음 인데... 고만하자.  의미없고 흥행 없다.,2025-07-08T11:33:05Z,근데 솔직히 이대회를 왜하는거냐 ㅋㅋㅋㅋㅋㅋ 동아시안컵 뭔의미야 ㅋㅋㅋㅋ 이겨도 져도 똥싸다만 ㅈ같음 인데 고만하자 의미없고 흥행 없다
축구이기면 머하노 나라가 중국에 먹히게 생겼는데 홍콩2.0 인데 한국 깨어나라,2025-07-08T11:33:04Z,축구이기면 머하노 나라가 중국에 먹히게 생겼는데 홍콩20 인데 한국 깨어나라
한민족끼리왜싸우죠?? 셰셰하시죠,2025-07-08T11:32:41Z,한민족끼리왜싸우죠 셰셰하시죠
홍명보 아직 감독이가 쯧쯧,2025-07-08T11:32:06Z,홍명보 아직 감독이가 쯧쯧
*축협회장 아웃 조용한것 보소 ㅋㅋㅋㅋ*,2025-07-08T11:31:47Z,축협회장 아웃 조용한것 보소 ㅋㅋㅋㅋ
요즘 국대 선수 얼굴만 대충 보면 대성할지 어떨지 보이네.,2025-07-08T11:31:05Z,요즘 국대 선수 얼굴만 대충 보면 대성할지 어떨지 보이네
제발 선수들의 땀이 의미없어지지 않게 정몽규 홍명보 사퇴하라 윤석열 김건희 같은 적폐다. 그자들이 있는한 월컵 16강 가서 뭐하냐,2025-07-08T11:29:33Z,제발 선수들의 땀이 의미없어지지 않게 정몽규 홍명보 사퇴하라 윤석열 김건희 같은 적폐다 그자들이 있는한 월컵 16강 가서 뭐하냐
분명 한쪽은 지고 한쪽은 이겼는데 양쪽 시청자들 모두 짜증나는 경기ㅋㅋㅋ,2025-07-08T11:29:15Z,분명 한쪽은 지고 한쪽은 이겼는데 양쪽 시청자들 짜증나는 경기ㅋㅋㅋ
선수들이 불쌍하다 저리 열심히 뛰는데열기는 단 2명때문에 사람들이 관심은 안가짐...,2025-07-08T11:24:21Z,선수들이 불쌍하다 저리 열심히 뛰는데열기는 단 2명때문에 사람들이 관심은 안가짐
이젠 같은나라 아닌가요?,2025-07-08T11:23:50Z,같은나라 아닌가요
"대한민국 탈중국화 해야되는데, 엄한넘 만나서 중국화 되는중... 이세대마지막 경기일거라 생각된다.",2025-07-08T11:23:12Z,대한민국 탈중국화 해야되는데 엄한넘 만나서 중국화 되는중 이세대마지막 경기일거라 생각된다
골퍼스트 앞에서 왤케 머뭇거리냐,2025-07-08T11:22:36Z,골퍼스트 왤케 머뭇거리냐
아직 안봤는데 니들은 중국한테지면 진짜 디진다,2025-07-08T11:22:21Z,아직 안봤는데 니들은 중국한테지면 진짜 디진다
"K리그 자주 보는 사람으로써
k리그 선수들 많이 나와서
잘하는거 보니까 기분좋네",2025-07-08T11:21:56Z,k리그 자주 보는 사람으로써 k리그 선수들 많이 나와서 잘하는거 보니까 기분좋네
축구 하는줄 몰랐습니다.,2025-07-08T11:21:41Z,축구 하는줄 몰랐습니다
✋,2025-07-08T11:21:13Z,
솔직히 중국국대는 우리나라 u20선에서 끝나는 경기력이었음,2025-07-08T11:15:49Z,솔직히 중국국대는 우리나라 u20선에서 끝나는 경기력이었음
이 더운데 어디서...경기,2025-07-08T11:15:30Z,더운데 어디서경기
독재 대통령~독재 축협 ..양국의 공산주의 국가에서 선수로 뛰고 있는 선수들에게 박수를 보냅니다,2025-07-08T11:11:00Z,독재 대통령독재 축협 양국의 공산주의 국가에서 선수로 뛰고 있는 선수들에게 박수를 보냅니다
"*요즘 축구에 대한 흥미가 점점 줄어드는 것 같아 답답한 마음이 드는 요즘인데, 나 역시 과거에 열정이 넘치던 축구를 그리워하며 그래서 더욱 아쉬운 마음이 커지고 있습니다 저런 경기가 있다는 것을 전혀 몰랐던 것이 무척 안타깝게 느껴집니다*",2025-07-08T11:07:30Z,요즘 축구에 대한 흥미가 점점 줄어드는 같아 답답한 마음이 드는 요즘인데 역시 과거에 열정이 넘치던 축구를 그리워하며 더욱 아쉬운 마음이 커지고 있습니다 저런 경기가 있다는 것을 전혀 몰랐던 것이 무척 안타깝게 느껴집니다
국대 축구는 하이라이트로 보는게 맞다,2025-07-08T11:07:10Z,국대 축구는 하이라이트로 보는게 맞다
중국 얘네들은 어지간히도 축구 드럽게 못하네 ㅋㅋㅋㅋㅋㅋ 왜 인구가 저렇게 많은데도 못할수가 있지 신기하다 참,2025-07-08T11:06:20Z,중국 얘네들은 어지간히도 축구 드럽게 못하네 ㅋㅋㅋㅋㅋㅋ 인구가 저렇게 많은데도 못할수가 있지 신기하다
"더운데 고생많으셨어요
골 결정력만 좋았으면 더 좋았을텐데 
다음 경기는 열심히 준비해서 좋은 모습 보여주세요",2025-07-08T11:05:52Z,더운데 고생많으셨어요 골 결정력만 좋았으면 더 좋았을텐데 경기는 열심히 준비해서 좋은 모습 보여주세요
한국 축구 너무 못하네 ....3:0이 머고중국야들 걸어다니는데...,2025-07-08T11:05:27Z,한국 축구 너무 못하네 30이 머고중국야들 걸어다니는데
이겨도 져도 화난 그 분들 ㅋㅋ심술나서 보이는게 웃음벨이네,2025-07-08T11:02:25Z,이겨도 져도 화난 분들 ㅋㅋ심술나서 보이는게 웃음벨이네
아니 좀 공간 나오면 과감하게 때리면 안 되냐?? 무지성 크로스 전술에 운 좋아서 골이 들어가네 ㅋㅋ;; 성적 내고 있다고? 전술이 처음부터 끝까지 무지성 크로스가 8할인데 못 막는 상대가 아래 클래스라고 판단 안 들음? 특히 8:44 이 장면은 진짜 얼척이 터지네 왼쪽에서 그냥 그 스피드 살려서 침투를 해야지 쳐 뛰다가 걷다가 크로스 나오니 다시 뛰는 건 뭔 경우? 전술도 전술이다만 개개인의 순간 판단 능력도 어느정도 가지고 임했으면;; 진짜 속 뒤집어 지겠네 보는데,2025-07-08T11:00:34Z,공간 나오면 과감하게 때리면 안 되냐 무지성 크로스 전술에 운 좋아서 골이 들어가네 ㅋㅋ 성적 내고 있다고 전술이 처음부터 끝까지 무지성 크로스가 8할인데 못 막는 상대가 아래 클래스라고 판단 안 들음 특히 844 장면은 진짜 얼척이 터지네 왼쪽에서 그냥 스피드 살려서 침투를 해야지 쳐 뛰다가 걷다가 크로스 나오니 다시 뛰는 건 뭔 경우 전술도 전술이다만 개개인의 순간 판단 능력도 어느정도 가지고 임했으면 진짜 속 뒤집어 지겠네 보는데
아~ 홍명보 보기 싫어...,2025-07-08T10:59:16Z,홍명보 보기 싫어
아니 중국은 누가와도 못한다니까?ㅋㅋㅋㅋ 감독 그만 데려왘ㅋㅋㅋㅌㅌ,2025-07-08T10:59:10Z,중국은 누가와도 못한다니까ㅋㅋㅋㅋ 감독 그만 데려왘ㅋㅋㅋㅌㅌ
중국 져서 1찍이들 화났노 ㅋㅋㅋㅋㅋㅋㅋㅋㅋㅋㅋㅋㅋㅋㅋㅋㅋㅋㅋ,2025-07-08T10:58:45Z,중국 져서 1찍이들 화났노 ㅋㅋㅋㅋㅋㅋㅋㅋㅋㅋㅋㅋㅋㅋㅋㅋㅋㅋㅋ
감독과 축협회장 아웃!!!,2025-07-08T10:57:35Z,감독과 축협회장 아웃
5:37 관제탑 세레머니 안할려고 일부로 슈팅 안했다.,2025-07-08T10:56:31Z,537 관제탑 세레머니 안할려고 일부로 슈팅 안했다
"저  더위에  선수들  간절하게 뛰네요~~
대단합니다~~~",2025-07-08T10:54:52Z,더위에 선수들 간절하게 뛰네요 대단합니다
홍보좀해 . 하는줄도몰랐네,2025-07-08T10:54:38Z,홍보좀해 하는줄도몰랐네
잉 ㄷㄷ 관중 텅 비었노,2025-07-08T10:52:42Z,잉 ㄷㄷ 관중 텅 비었노
이동경의 왼발은 낭만이 있다.,2025-07-08T10:50:44Z,이동경의 왼발은 낭만이
"이건 또 언제한거냐…
요즘 국대경기 있다는것조차 모르겠네",2025-07-08T10:49:56Z,이건 언제한거냐 요즘 국대경기 있다는것조차 모르겠네
몽명규보 아웃,2025-07-08T10:49:48Z,몽명규보 아웃
주민규 잘했어요,2025-07-08T10:48:54Z,주민규 잘했어요
홍명보 호 보다 좋은시절은 히딩크,2025-07-08T10:45:35Z,홍명보 호 보다 좋은시절은 히딩크
꼴 보기 싫다 정몽규 홍명보 선수들이 안타깝다,2025-07-08T10:43:08Z,꼴 보기 싫다 정몽규 홍명보 선수들이 안타깝다
비추 존나 먹을거 같긴한데 이번 짱깨 유니폼 잘뽑인거 같지 않음?,2025-07-08T10:42:59Z,비추 존나 먹을거 같긴한데 짱깨 유니폼 잘뽑인거 같지 않음
주민규 헤리케인임??,2025-07-08T10:42:55Z,주민규 헤리케인임
이동경 놓친게 몇개야? 발이 세몬가?,2025-07-08T10:42:31Z,이동경 놓친게 몇개야 발이 세몬가
저 대머리는 누군지 진짜 못하네. 해외파 선수는 안보이는듯,2025-07-08T10:41:21Z,대머리는 누군지 진짜 못하네 해외파 선수는 안보이는듯
참 깝깝하다,2025-07-08T10:40:55Z,깝깝하다
벤투가 국대인기 올려놨는데 그인기를 한번에 조져놨네ㅋㅋㅋ대단한 능력이다,2025-07-08T10:40:46Z,벤투가 국대인기 올려놨는데 그인기를 한번에 조져놨네ㅋㅋㅋ대단한 능력이다
날씨를 생각해라 얘들아;;,2025-07-08T10:40:19Z,날씨를 생각해라 얘들아
찢은 누구응원함??,2025-07-08T10:40:04Z,찢은 누구응원함
영상은 됐고 댓글보러 옴,2025-07-08T10:40:05Z,영상은 됐고 댓글보러 옴
"예쁘고 안전하게, 완벽한 기회만 노리려는 축구 보다가 이번 같은 선 굵고 빠른템포 축구 보니까 넘 재밌다 경기가… 
울 나라는 이렇게 하는 게
잘 어울림.. 
미드필더, 포워드 몇 명 바뀌니까 템포 확 살고 시원시원하니 좋네유",2025-07-08T10:39:59Z,예쁘고 안전하게 완벽한 기회만 노리려는 축구 보다가 같은 선 굵고 빠른템포 축구 보니까 넘 재밌다 경기가 울 나라는 이렇게 하는 게 잘 어울림 미드필더 포워드 명 바뀌니까 템포 확 살고 시원시원하니 좋네유
이야.. 일본이랑 했으면 7~8골은 넣었겠네,2025-07-08T10:39:19Z,이야 일본이랑 했으면 78골은 넣었겠네
"ㅋㅋㅋㅋ어이가 없는게 중국 니들 원래 다 못 이기는데, 한국한테만 지면 난리야ㅋㅋㅋㅋㅋㅋ 만만하냐?? 확 그냥. 중국은 그냥 세계 악이고, 한국인으로 중국 좋아하는 건 제정신 아니다",2025-07-08T10:37:33Z,ㅋㅋㅋㅋ어이가 없는게 중국 니들 원래 다 못 이기는데 한국한테만 지면 난리야ㅋㅋㅋㅋㅋㅋ 만만하냐 확 그냥 중국은 그냥 세계 악이고 한국인으로 중국 좋아하는 건 제정신 아니다
홍명보 보기 싫다,2025-07-08T10:36:22Z,홍명보 보기 싫다
4:36 이거 고의로 넘어뜨린거아니냐 안아서 넘어뜨린거같은데 경고안주네,2025-07-08T10:36:17Z,436 이거 고의로 넘어뜨린거아니냐 안아서 넘어뜨린거같은데 경고안주네
전반 20분만에 2:0인걸 보고 5:0이상으로 이길 절호의 기회였는데,2025-07-08T10:33:17Z,전반 20분만에 20인걸 보고 50이상으로 이길 절호의 기회였는데
대한민국 파이팅!,2025-07-08T10:31:22Z,대한민국 파이팅
제발 쪼꼬미좀 대표좀 시켜줘라,2025-07-08T10:30:59Z,제발 쪼꼬미좀 대표좀 시켜줘라
체력 훈련좀 해라,2025-07-08T10:30:17Z,체력 훈련좀 해라
"더운날씨, 오버할 필요는 없죠. 어차피 이기는 경기, 체력 아끼는게 좋죠.",2025-07-08T10:29:27Z,더운날씨 오버할 필요는 없죠 어차피 이기는 경기 체력 아끼는게 좋죠
홍명보 욕하는 애들중에 왜 욕하는지도 모르는 애들이 절반이고 지금 국대 성적 손에 꼽을정도로 좋은성적내고 있는데 현실을 안보고 이 악물고 홍명보 때문에 월드컵은 망했다. 지면 홍명보탓하고 이기면 선수단이 좋다 이지랄 하는거 보면 진짜 개토나온다 ㅋㅋ 벤투때도 월드컵 전까지 욕만 처하다가 16강 올라오니까 전국민이 태세전환하는 이나라는 글러 처먹음 그냥,2025-07-08T10:28:27Z,홍명보 욕하는 애들중에 욕하는지도 모르는 애들이 절반이고 지금 국대 성적 손에 꼽을정도로 좋은성적내고 있는데 현실을 안보고 악물고 홍명보 월드컵은 망했다 지면 홍명보탓하고 이기면 선수단이 좋다 이지랄 하는거 보면 진짜 개토나온다 ㅋㅋ 벤투때도 월드컵 전까지 욕만 처하다가 16강 올라오니까 전국민이 태세전환하는 이나라는 글러 처먹음 그냥
그리고 문선민 ㅋㅋ춤고민추고좀 볼터치 연습이좀해아 제발 조축보다못하냐 언제까지 국내용소리들을래,2025-07-08T10:27:55Z,문선민 ㅋㅋ춤고민추고좀 볼터치 연습이좀해아 제발 조축보다못하냐 언제까지 국내용소리들을래
"김문환이 왤케
소극적이냐?돌파를 안하네 왜자꾸
백러쉬하는겨 템포다끊어먹네",2025-07-08T10:26:35Z,김문환이 왤케 소극적이냐돌파를 안하네 왜자꾸 백러쉬하는겨 템포다끊어먹네
관중이 k리그 경기같노ㅋ,2025-07-08T10:26:12Z,관중이 k리그 경기같노ㅋ
진짜.리얼...저 치킨집 장사하는데.어제 축구하는줄 몰랐어요.^^ 요즘 뉴스보는 재미에 살다보니.ㅋㅋㅋㅋ,2025-07-08T10:25:38Z,진짜리얼저 치킨집 장사하는데어제 축구하는줄 몰랐어요 요즘 뉴스보는 재미에 살다보니ㅋㅋㅋㅋ
퍼스트터치 실패했지만 골로 이어짐 중국이여서 넣은거라고 봄 아님 그전에 차단크리,2025-07-08T10:22:29Z,퍼스트터치 실패했지만 골로 이어짐 중국이여서 넣은거라고 봄 아님 그전에 차단크리
중국축구는 공한증이라는 저주받은거 같네,2025-07-08T10:22:26Z,중국축구는 공한증이라는 저주받은거 같네
"선수들이 미운게 아닙니다
ㅂ ㅅ 같이 운영하는 축협이 짜증나서 싫은거지",2025-07-08T10:21:11Z,선수들이 미운게 아닙니다 ㅂ ㅅ 운영하는 축협이 짜증나서 싫은거지
문선민 에반데,2025-07-08T10:19:41Z,문선민 에반데
일본전을 단두대 매치로 해야,2025-07-08T10:18:18Z,일본전을 단두대 매치로 해야
축구매니아 아니면 손흥민 이강인 김민재안나오는데 누가보냐ㅋㅋㅋㅋㅋ,2025-07-08T10:17:29Z,축구매니아 손흥민 이강인 김민재안나오는데 누가보냐ㅋㅋㅋㅋㅋ
동아시안컵이 원래 대회 위상이다 관심도가 떨어지기는했었지만 홍보도 너무 안 하는 듯ㅋㅋㅋ 늘 하는 줄 모르고 있다가 하이라이트 보고 대회 시작 한 줄 알게 되는 컵 중 하나..,2025-07-08T10:17:09Z,동아시안컵이 원래 대회 위상이다 관심도가 떨어지기는했었지만 홍보도 너무 안 하는 듯ㅋㅋㅋ 늘 하는 줄 모르고 있다가 하이라이트 보고 대회 시작 한 줄 알게 되는 컵 중
기름하수구똥파리와 대결하느라 수고했어요,2025-07-08T10:15:30Z,기름하수구똥파리와 대결하느라 수고했어요
"지상파 중계가 없으니 이모양 이꼴.
아무리 요즘 tv 안보고 인터넷 미디어 이용 시대라고 하지만… 일반 tv보는 세대가 더 많다는 점을 생각 해야하는데..
지상파 중계권은 지상파에서 알아서 홍보,이슈되는데.. 지상파에서 중계권을 안 가지면 일부러 외면하는데..어휴… 
유럽리그,국대, 클럽 리그..
한국 잉글랜드,독일,스페인 처럼 축구열기가  아니라면 지상파가 중계권을 가져야함.",2025-07-08T10:14:40Z,지상파 중계가 없으니 이모양 이꼴 아무리 요즘 tv 안보고 인터넷 미디어 이용 시대라고 일반 tv보는 세대가 더 많다는 점을 생각 해야하는데 지상파 중계권은 지상파에서 알아서 홍보이슈되는데 지상파에서 중계권을 안 가지면 일부러 외면하는데어휴 유럽리그국대 클럽 리그 한국 잉글랜드독일스페인 처럼 축구열기가 지상파가 중계권을 가져야함
중국16번확실이우레이보다잘하네ㅋㅋㅋ,2025-07-08T10:13:47Z,중국16번확실이우레이보다잘하네ㅋㅋㅋ
관제탑 나왔어야 했는데,2025-07-08T10:13:44Z,관제탑 나왔어야 했는데
중국따위 3-0이라니 ㅋㅋ,2025-07-08T10:11:59Z,중국따위 30이라니 ㅋㅋ
대한민국 이 3대0으로 이겨서 기분이 좋네요,2025-07-08T10:11:25Z,대한민국 3대0으로 이겨서 기분이 좋네요
중국 상대로 이것밖에 못하노 ㅋㅋ,2025-07-08T10:11:25Z,중국 상대로 이것밖에 못하노 ㅋㅋ
9:20 누가봐도 옵사이든데.... 9:28 왜 뒤에서 손으로 밀어서 뺏냐 비매너...,2025-07-08T10:10:19Z,920 누가봐도 옵사이든데 928 뒤에서 손으로 밀어서 뺏냐 비매너
"솔직히 월드컵도 안볼 거 같음
그냥 신뢰를 잃음",2025-07-08T10:09:59Z,솔직히 월드컵도 안볼 거 같음 그냥 신뢰를 잃음
하긴 했구나,2025-07-08T10:09:05Z,하긴 했구나
와 ㄹㅇ 중국 수비 내가 뛰어도 잘하겠다 ㄷㄷ;;,2025-07-08T10:08:36Z,ㄹㅇ 중국 수비 내가 뛰어도 잘하겠다 ㄷㄷ
문선민은 뜀박질만 잘해 ㅋㅋ,2025-07-08T10:08:24Z,문선민은 뜀박질만 잘해 ㅋㅋ
너무 뻔한 전술..도 아닌.. 재미없다,2025-07-08T10:07:58Z,너무 뻔한 전술도 아닌 재미없다
"중국 상대 3대0 이면, 우리가 진거다..중국 축하해",2025-07-08T10:07:42Z,중국 상대 3대0 이면 우리가 진거다중국 축하해
홍명보 쫄았네 ㅋㅋㅋ 일본은 신인발굴이고 한국은 국내 베스트 ㅋㅋㅋㅋ 나이많은 주민규?? 젊인 인재를 찾아야지,2025-07-08T10:04:00Z,홍명보 쫄았네 ㅋㅋㅋ 일본은 신인발굴이고 한국은 국내 베스트 ㅋㅋㅋㅋ 나이많은 주민규 젊인 인재를 찾아야지
왜케  재미가없지...  아시아축구는..,2025-07-08T10:03:38Z,왜케 재미가없지 아시아축구는
난 이건 좀 모르겠다 ㄷㄷ,2025-07-08T10:02:04Z,난 이건 모르겠다 ㄷㄷ
홍명보 볼수록 구역질남  존나 근엄한척은,2025-07-08T10:01:45Z,홍명보 볼수록 구역질남 존나 근엄한척은
한중전,2025-07-08T10:01:38Z,한중전
대한민국VS중국,2025-07-08T10:01:27Z,대한민국vs중국
"EAFF,E-1",2025-07-08T10:01:14Z,eaffe1
조현우 이동경 나이스,2025-07-08T09:58:42Z,조현우 이동경 나이스
"난 한국국대 진짜 웃긴게 국가보다는 군면제때문에 경기뛰는놈들이 툭하면 거수경례하는게 개황당하고 어이없음,",2025-07-08T09:58:16Z,난 한국국대 진짜 웃긴게 국가보다는 군면제때문에 경기뛰는놈들이 툭하면 거수경례하는게 개황당하고 어이없음
확실히 창의적인패스가 없네 나 패스한다? 알려주고 때리는느낌.,2025-07-08T09:55:51Z,확실히 창의적인패스가 없네 패스한다 알려주고 때리는느낌
너나 아웃해라 ㅋ,2025-07-08T09:53:48Z,너나 아웃해라 ㅋ
수고들 했어요...,2025-07-08T09:53:25Z,수고들
이번월드컵 3전 전패로 예선탈락하길 간절히 기도합니다,2025-07-08T09:51:23Z,이번월드컵 3전 전패로 예선탈락하길 간절히 기도합니다
"또 뽑은 순간 한국 축구 흥행은 물건너갔다고 생각합니다
이제는 다른 종목의 스포츠에 관심을 가질 시기라고 생각합니다",2025-07-08T09:51:01Z,뽑은 순간 한국 축구 흥행은 물건너갔다고 생각합니다 이제는 종목의 스포츠에 관심을 가질 시기라고 생각합니다
도대체 맹보가 감독하면 왜 슛찬스에서 패스를 하지 맹보가 슛해서 못넣으면 때리냐? 지발 좀 슈팅좀 때려라 쫌,2025-07-08T09:49:37Z,도대체 맹보가 감독하면 슛찬스에서 패스를 하지 맹보가 슛해서 못넣으면 때리냐 지발 슈팅좀 때려라 쫌
참다행이다.. 중국이 2진을 보내서~,2025-07-08T09:46:19Z,참다행이다 중국이 2진을 보내서
뭐 대회있었냐? 그새기들 나갈때까지 보이콧,2025-07-08T09:45:48Z,뭐 대회있었냐 그새기들 나갈때까지 보이콧
"홍명보 전술, 센터링 후  주민규 헤딩.  뭘 테스트 한 거지?",2025-07-08T09:44:46Z,홍명보 전술 센터링 후 주민규 헤딩 뭘 테스트 한 거지
헉 관중이 넘 없네요~~~,2025-07-08T09:43:18Z,관중이 넘 없네요
확실히 김문환 문선민 스피드 개빠르니까 기회 겁나 많이 만드네,2025-07-08T09:42:56Z,확실히 김문환 문선민 스피드 개빠르니까 기회 겁나 많이 만드네
야구 때문에 관심이 없어요ㅋ,2025-07-08T09:42:07Z,야구 관심이 없어요ㅋ
몽규와 맹보의 콜라보 경기장이 텅텅 ㅋㅋㅋㅋ,2025-07-08T09:41:22Z,몽규와 맹보의 콜라보 경기장이 텅텅 ㅋㅋㅋㅋ
홍 가 만 빠지면~~,2025-07-08T09:41:23Z,홍 만 빠지면
중국 진짜 못한다.   몸싸움을 수비수가  질 정도면   수비가  거의 의미 없다고 봐야.  키핑이나  볼 컨트롤도  수준이하고.  투지도 없어보임.,2025-07-08T09:40:22Z,중국 진짜 못한다 몸싸움을 수비수가 질 정도면 수비가 의미 없다고 봐야 키핑이나 볼 컨트롤도 수준이하고 투지도 없어보임
전술은 쓰레기 🗑,2025-07-08T09:39:38Z,전술은 쓰레기
경기한줄도몰랐네,2025-07-08T09:39:10Z,경기한줄도몰랐네
근데 아무 도움도 안되는 이런 경기 왜 하는 거임?,2025-07-08T09:38:36Z,근데 아무 도움도 안되는 경기 하는 거임
주전들도 아니고 중국전은 왜 하는지 모르겠네 그리고 어차피 해외파 위주로 할텐데,2025-07-08T09:38:20Z,주전들도 아니고 중국전은 하는지 모르겠네 어차피 해외파 위주로 할텐데
왜 이렇게 동네 축구 같지? 국대 선수들 축구 아닌거 같아요.,2025-07-08T09:37:55Z,이렇게 동네 축구 같지 국대 선수들 축구 아닌거 같아요
대한민국 축구 국가대표팀 수고하셨습니다 😊😅❤❤🎉🎉,2025-07-08T09:33:31Z,대한민국 축구 국가대표팀 수고하셨습니다
울 국가대표 선수님들 너무 잘했습니다. 근데 저능아 이겼다고 좋아하면 안됩니다! 곧 월드컵이잖아요! 이동경 선수 감차 폼 흥민이 이겼다 이 골은ㅋㅋㅋ 선민이는 이마가 점점 넓어지는거같아 선민이가 욕심좀 내줬음 좋겠어... 주민규도 정말 잘하지만 이건 아시아 축구팀 상대로 헤더 가능한거지 쫌 더 빨라지고 오프더볼 상황을 잘이끌었음 좋겠어 여론에 흔들리지말자 감독도 여론에 안흔들리잖누 여론 씹고 멘탈잡자 나의 바램을 말한다..,2025-07-08T09:33:00Z,울 국가대표 선수님들 너무 잘했습니다 근데 저능아 이겼다고 좋아하면 안됩니다 월드컵이잖아요 이동경 선수 감차 폼 흥민이 이겼다 골은ㅋㅋㅋ 선민이는 이마가 점점 넓어지는거같아 선민이가 욕심좀 내줬음 좋겠어 주민규도 정말 잘하지만 이건 아시아 축구팀 상대로 헤더 가능한거지 쫌 더 빨라지고 오프더볼 상황을 잘이끌었음 좋겠어 여론에 흔들리지말자 감독도 여론에 안흔들리잖누 여론 씹고 멘탈잡자 나의 바램을 말한다
"김문환이 크로스 올려야 할 타이밍에 매번 백패스 하는 건 여전하더라
쟤는 백패스 하라고 기용한 듯...것두 홍명보의 지략이냐???
어쨋든 더운 날씨에 선수들 고생들 많았네",2025-07-08T09:31:28Z,김문환이 크로스 올려야 할 타이밍에 백패스 하는 건 여전하더라 쟤는 백패스 하라고 기용한 듯것두 홍명보의 지략이냐 더운 날씨에 선수들 고생들 많았네
중국이 존나 못하잖아.. 한국 골결정력은 여전히 개판이네,2025-07-08T09:31:14Z,중국이 존나 못하잖아 한국 골결정력은 개판이네
왜 비호감 두명이 퇴진을 안해서 축구선수들이 피해를 봐야하나 나도 하는지도 몰랏네😂,2025-07-08T09:29:09Z,비호감 두명이 퇴진을 안해서 축구선수들이 피해를 봐야하나 나도 하는지도 몰랏네
"짱개 상대로 3골 넣고 좋아하는
명보야 정신차리자!!!!!",2025-07-08T09:28:19Z,짱개 상대로 3골 넣고 좋아하는 명보야 정신차리자
문성민 패스할때 슛하고 슛할 타이밍에 패스하고. 고쳐라~!,2025-07-08T09:27:44Z,문성민 패스할때 슛하고 슛할 타이밍에 패스하고 고쳐라
와 다리가 풀렸는데도 포기하지않는 모습 갬동,2025-07-08T09:26:45Z,다리가 풀렸는데도 포기하지않는 모습 갬동
ㅈㄹ 덥겟다..,2025-07-08T09:25:27Z,ㅈㄹ 덥겟다
선수들  고생 많았어요 실력도없고 개판인 한국축협에서ㅠㅠㅠ,2025-07-08T09:24:39Z,선수들 고생 많았어요 실력도없고 개판인 한국축협에서ㅠㅠㅠ
주민규 선수 골은 기가 막히게찾아먹네요.,2025-07-08T09:24:28Z,주민규 선수 골은 기가 막히게찾아먹네요
컷백 너무 아쉽다 근데,2025-07-08T09:22:47Z,컷백 너무 아쉽다 근데
홍명보 감독의 뻔한 전술과 충분히 예상되는 경기력으로 생방송으로 보지않게 됨.,2025-07-08T09:22:10Z,홍명보 감독의 뻔한 전술과 충분히 예상되는 경기력으로 생방송으로 보지않게 됨
"관중보면 이게 우리 축구의 현실
노 관심",2025-07-08T09:19:18Z,관중보면 이게 축구의 현실 노 관심
아무리 축구 좋아하는 한국 사람이지만 몰랐던거 이번이 처음인듯ㅋㅋ,2025-07-08T09:18:13Z,아무리 축구 좋아하는 한국 사람이지만 몰랐던거 이번이 처음인듯ㅋㅋ
"정몽규 OUT 채팅창에 쓰니까
바로 차단 하더라",2025-07-08T09:18:03Z,정몽규 out 채팅창에 쓰니까 차단 하더라
최강파티 집결,2025-07-08T09:16:27Z,최강파티 집결
5:0은 최소 나와야 하는거 아닌가..,2025-07-08T09:15:06Z,50은 최소 나와야 하는거 아닌가
아씨브알 홍MB 면상 나오는거였네 칵퉤,2025-07-08T09:14:14Z,아씨브알 홍mb 면상 나오는거였네 칵퉤
홍명보 처럼 살지말자,2025-07-08T09:13:54Z,홍명보 처럼 살지말자
팩트는 중국 더 갖고 놀수있었는데 후반에 상대팀 선수교체 후 전술바뀐걸 홍명보가 모르고 그냥 우리나라도 선수교체만 함,2025-07-08T09:13:34Z,팩트는 중국 더 갖고 놀수있었는데 후반에 상대팀 선수교체 후 전술바뀐걸 홍명보가 모르고 그냥 우리나라도 선수교체만 함
와이프 카메라에 왜 안잡아줌,2025-07-08T09:11:57Z,와이프 카메라에 안잡아줌
니들이 해봐 소리가 절로 나오겠네..,2025-07-08T09:10:14Z,니들이 해봐 소리가 절로 나오겠네
중국진짜ㅋㅋㅋ너넨 탁구만해라 어쩜 이렇게 못하냐ㅡㅡ,2025-07-08T09:09:51Z,중국진짜ㅋㅋㅋ너넨 탁구만해라 어쩜 이렇게 못하냐ㅡㅡ
국내 2군답다,2025-07-08T09:09:39Z,국내 2군답다
축구 하는지도몰랐다 ㅋㅋㅋ,2025-07-08T09:08:19Z,축구 하는지도몰랐다 ㅋㅋㅋ
"이동경 골, 이동경 인생골 될거같다 진짜 이쁘게 잘 넣었네 ㅎㅎ",2025-07-08T09:08:17Z,이동경 골 이동경 인생골 될거같다 진짜 이쁘게 잘 넣었네 ㅎㅎ
"요즘들어 우리 선수들이 한골 넣으면 예전처럼 신나서 뛰어다니지 읺는게 좋더라. 뭐 딱히 당연한걸 넣었을 뿐이라는 느낌... ㅎㅎㅎ
근데... 일방적으로 패는 것도 힘들긴하네...ㅎㅎ",2025-07-08T09:06:50Z,요즘들어 선수들이 한골 넣으면 예전처럼 신나서 뛰어다니지 읺는게 좋더라 뭐 딱히 당연한걸 넣었을 뿐이라는 느낌 ㅎㅎㅎ 근데 일방적으로 패는 것도 힘들긴하네ㅎㅎ
나 치도리도 공유했는데 진짜 좀 우승을좀 해주지 ㅜ ㅜ ㅠㅠ 너무슬프다 ㅜ ㅜ ㅠㅠ,2025-07-08T09:04:31Z,치도리도 공유했는데 진짜 우승을좀 해주지 ㅜ ㅜ ㅠㅠ 너무슬프다 ㅜ ㅜ ㅠㅠ
"중국한테 3골...이겼으니 잘 햇는데...
진짜 답답한 점은 패스를 받아서 논스톱으로 슛을하면 들어갈 볼인데 
왜 그걸 잡아놓구 슛을하는거지?
전부터 참 아쉬운 점이였는데 아직도 눈에 보이니 답답하네..",2025-07-08T09:03:24Z,중국한테 3골이겼으니 잘 햇는데 진짜 답답한 점은 패스를 받아서 논스톱으로 슛을하면 들어갈 볼인데 그걸 잡아놓구 슛을하는거지 전부터 아쉬운 점이였는데 아직도 눈에 보이니 답답하네
"대한민국한테 저렇게
발리는 중국도..
또다른 의미로 대단하긴하다..와....",2025-07-08T08:57:12Z,대한민국한테 저렇게 발리는 중국도 또다른 의미로 대단하긴하다와
손흥민 김민재 이강인 없으면 축구 보겠노..,2025-07-08T08:57:05Z,손흥민 김민재 이강인 없으면 축구 보겠노
이거 어제 한지도 몰랐던 사람 개추 ㅋㅋ,2025-07-08T08:56:26Z,이거 어제 한지도 몰랐던 사람 개추 ㅋㅋ
이야 이동경 발목 힘 ?  대박이네요.,2025-07-08T08:54:55Z,이야 이동경 발목 힘 대박이네요
중국 진짜 못하긴하네,2025-07-08T08:54:53Z,중국 진짜 못하긴하네
"오늘도 역시나 그의 전술은 ""해줘""",2025-07-08T08:54:30Z,오늘도 역시나 그의 전술은 해줘
감독을 바꿔라...,2025-07-08T08:52:26Z,감독을 바꿔라
우리나라는 이제 축구보단 야구임ㅋㅋㅋㅋㅋ야구관중을 봐라 ㅋㅋ맨날 만석임,2025-07-08T08:52:11Z,우리나라는 이제 축구보단 야구임ㅋㅋㅋㅋㅋ야구관중을 ㅋㅋ맨날 만석임
대명보,2025-07-08T08:49:58Z,대명보
이동경은 세금 2배내라 열받게 하지마라,2025-07-08T08:49:03Z,이동경은 세금 2배내라 열받게
크러쉬 폼 미쳣고!,2025-07-08T08:47:08Z,크러쉬 폼 미쳣고
진짜 근데 해외파 있고 없고 차이가 이렇게 클줄은 몰랐어...... 오합지졸인거같아 ... 컨트롤도 섬세함도 부족하고 ㅠㅠ 이기긴 잘했다 .. 근데 경기 내용이 너무 투박해 ㅠㅠ,2025-07-08T08:43:57Z,진짜 근데 해외파 있고 없고 차이가 이렇게 클줄은 몰랐어 오합지졸인거같아 컨트롤도 섬세함도 부족하고 ㅠㅠ 이기긴 잘했다 근데 경기 내용이 너무 투박해 ㅠㅠ
우승 못하고 감독 짜지면 좋겟다. 그것도 부족하다고 민심 곱창나서 협회장도 짜지면 더 좋겟다.,2025-07-08T08:42:58Z,우승 못하고 감독 짜지면 좋겟다 그것도 부족하다고 민심 곱창나서 협회장도 짜지면 더 좋겟다
언제했냐?,2025-07-08T08:42:35Z,언제했냐
하는지도몰랐네..,2025-07-08T08:42:02Z,하는지도몰랐네
아시안 컵 우승 기원~,2025-07-08T08:40:33Z,아시안 컵 우승 기원
룸명보는 언재 짤리나요?,2025-07-08T08:39:57Z,룸명보는 언재 짤리나요
월드컵본선 이대로 명보체제로 가면 개 망한다,2025-07-08T08:39:49Z,월드컵본선 이대로 명보체제로 가면 개 망한다
대한민국 왼발 이강인 아님????,2025-07-08T08:39:13Z,대한민국 왼발 이강인 아님
문선민은 무슨 머리를  점점 청나라 사람처럼 하노,2025-07-08T08:39:01Z,문선민은 머리를 점점 청나라 사람처럼 하노
홍덕에 국대경기는 유튭 하이라이트만 시간 개꿀!,2025-07-08T08:38:20Z,홍덕에 국대경기는 유튭 하이라이트만 개꿀
한국 대표팀은 골문앞에서 되도않는 숏패스 하지말고  수비수 적을 때  최대한 빨리  결정을 지어버려.시간 끌어서 수비수 초밀집 상황인데 무슨 바로셀로나 흉내를 내고있냐,2025-07-08T08:37:45Z,한국 대표팀은 골문앞에서 되도않는 숏패스 하지말고 수비수 적을 최대한 빨리 결정을 지어버려시간 끌어서 수비수 초밀집 상황인데 바로셀로나 흉내를 내고있냐
상대가 중국이라 그런지 한국이 잘해보이네,2025-07-08T08:36:39Z,상대가 중국이라 그런지 한국이 잘해보이네
"6:45 ""아 시x"" ????",2025-07-08T08:35:05Z,645 시x
꼴랑 중궈한테 수준이 거기까진거야? 홍가때문에 대패를 바랬는데 그건 억지고 조잡하다,2025-07-08T08:34:48Z,꼴랑 중궈한테 수준이 거기까진거야 홍가때문에 대패를 바랬는데 그건 억지고 조잡하다
근데 덥다고는 하는데 더 더운 미국에서 하는 대회에서는 애들 존나 뛰는데 국대 애들이 너무 대충 뛰더라,2025-07-08T08:34:24Z,근데 덥다고는 하는데 더 더운 미국에서 하는 대회에서는 애들 존나 뛰는데 국대 애들이 너무 대충 뛰더라
주민규ㅅㅅㅅ,2025-07-08T08:34:10Z,주민규ㅅㅅㅅ
중국: 을용타 아들 나왔데 무섭따오!,2025-07-08T08:32:03Z,중국 을용타 아들 나왔데 무섭따오
명보는 왜 아직 붙어있나? 자진 사퇴해라,2025-07-08T08:31:03Z,명보는 아직 붙어있나 자진 사퇴해라
"주민규 선수 안색이 왤케 어둡죠..
어디 아프거나 근심걱정이 있는걸까요...",2025-07-08T08:30:34Z,주민규 선수 안색이 왤케 어둡죠 아프거나 근심걱정이 있는걸까요
"의도한 전술에 의해서 골도 넣고 경기 진행해야하는데 .. 다 개인 능력 위주로 하네 ..
일본좀 쳐 배워라 명보야.",2025-07-08T08:30:09Z,의도한 전술에 골도 넣고 경기 진행해야하는데 다 개인 능력 위주로 하네 일본좀 쳐 배워라 명보야
"관중석이 민심  같네,ㅋㅋ.",2025-07-08T08:28:56Z,관중석이 민심 같네ㅋㅋ
"정몽규 열심히 한다메~
사람들 축구 하는지도 모른다야~ㅋㅋㅋㅋ",2025-07-08T08:27:30Z,정몽규 열심히 한다메 사람들 축구 하는지도 모른다야ㅋㅋㅋㅋ
동경이랑 진규는 해외파와도 뽑을만한데?,2025-07-08T08:26:47Z,동경이랑 진규는 해외파와도 뽑을만한데
아무리 선수지만 이날씨에 90분 뛰는게 쉽진않을텐데... 진짜 고생하셨네,2025-07-08T08:25:15Z,아무리 선수지만 이날씨에 90분 뛰는게 쉽진않을텐데 진짜 고생하셨네
선수들 멋지다!! 화이팅❤,2025-07-08T08:24:43Z,선수들 멋지다 화이팅
이미 이렇게 된거 지켜보는 수밖에,2025-07-08T08:23:17Z,이미 이렇게 된거 지켜보는 수밖에
홍몽협회가 아니었다면 20골 넣었다,2025-07-08T08:22:40Z,홍몽협회가 20골 넣었다
"*요즘 축구에 대한 관심이 점점 떨어지는 것 같아서 마음이 아프네요 과거에는 정말 축구에 흥미를 가지며 즐겼었는데, 이제는 경기 소식조차 모르고 지나치게 되는 현실이 안타깝습니다 마음속 깊이 축구의 즐거움을 다시 느끼고 싶어지네요*",2025-07-08T08:22:09Z,요즘 축구에 대한 관심이 점점 떨어지는 같아서 마음이 아프네요 과거에는 정말 축구에 흥미를 가지며 즐겼었는데 이제는 경기 소식조차 모르고 지나치게 되는 현실이 안타깝습니다 마음속 깊이 축구의 즐거움을 다시 느끼고 싶어지네요
배성재 박문성 안 들으니 좋네,2025-07-08T08:20:48Z,배성재 박문성 안 들으니 좋네
"선수들의 노고를  먼지로 만드는  정,  홍 
양심이 없다",2025-07-08T08:20:39Z,선수들의 노고를 먼지로 만드는 정 홍 양심이 없다
이동경 없었으면 작살남,2025-07-08T08:20:25Z,이동경 없었으면 작살남
08:02 뒤에 중국인 맞음?,2025-07-08T08:17:47Z,0802 뒤에 중국인 맞음
10:08 김문환이는생각하는. 축구좀하자 상대수비수5명에 우리선수1명있는데거기에다. 공둥볼 센터링 올리냐달려뒤에서 달려오는선수도있는데. 지능적인축구좀하자 8:01,2025-07-08T08:15:25Z,1008 김문환이는생각하는 축구좀하자 상대수비수5명에 우리선수1명있는데거기에다 공둥볼 센터링 올리냐달려뒤에서 달려오는선수도있는데 지능적인축구좀하자 801
동아시아 대회 한국 중국 일본 홍콩.. 이걸 ㅁㅂ 때문에 안봄,2025-07-08T08:14:26Z,동아시아 대회 한국 중국 일본 홍콩 이걸 ㅁㅂ 안봄
"홍명보 있는거 보고 옛날껀줄 알았네;
아직도 안나갔냐?",2025-07-08T08:10:10Z,홍명보 있는거 보고 옛날껀줄 알았네 아직도 안나갔냐
정말 잘했음!!! 특시 이동경 첫골 진짜 멋지네요!,2025-07-08T08:09:43Z,정말 잘했음 특시 이동경 첫골 진짜 멋지네요
태극전사들     부상 조심  하시고    계속  좋은 소식  오길.     수고 하셨습니다.🤗🤗🤗,2025-07-08T08:07:51Z,태극전사들 부상 조심 하시고 계속 좋은 소식 오길 수고 하셨습니다
한국축구는 이제 필요없음 ㅋㅋㅋㅋㅋ왜냐 아무도 관심이 없거든^^,2025-07-08T08:07:23Z,한국축구는 이제 필요없음 ㅋㅋㅋㅋㅋ왜냐 관심이 없거든
경기 내용보니 3골은 적게 들어간거네... 3골 정도는 더 넣을 수 있었네,2025-07-08T08:06:46Z,경기 내용보니 3골은 적게 들어간거네 3골 정도는 더 넣을 수 있었네
공차는게 힘이 딸린다,2025-07-08T08:06:40Z,공차는게 힘이 딸린다
5:0 스코어였군,2025-07-08T08:06:24Z,50 스코어였군
포항의 자.랑 이.호두 선수님 수고하셨습니두.,2025-07-08T08:05:14Z,포항의 자랑 이호두 선수님 수고하셨습니두
썩은 축구 보고싶지도않은데 어디서자꾸 광고를하는거야ㅡㅡ,2025-07-08T08:03:19Z,썩은 축구 보고싶지도않은데 어디서자꾸 광고를하는거야ㅡㅡ
저딴 허접한 중국팀이랑 3:0 은 한국이 못한거임..5:0 이상은 나와야지 그나마 평타친거임,2025-07-08T08:01:07Z,저딴 허접한 중국팀이랑 30 은 한국이 못한거임50 이상은 나와야지 그나마 평타친거임
"문선민빼고 다 어휴네... 13번은 어떻게 국대를 달았냐..
저 센스로.. 두번이나 하늘로 날리는 감각은 아마추어같음..
저건 진짜 감이 없어서 무조건  세게때려서 골넣은 적 밖에 없는거같네..ㅈㅔ발 그센스로 운동선수는 생각좀 많이해봐라",2025-07-08T07:59:57Z,문선민빼고 다 어휴네 13번은 국대를 달았냐 센스로 두번이나 하늘로 날리는 감각은 아마추어같음 저건 진짜 감이 없어서 무조건 세게때려서 골넣은 적 밖에 없는거같네ㅈㅔ발 그센스로 운동선수는 생각좀 많이해봐라
중국아 우리나라 조기축구 재패하고와라,2025-07-08T07:59:14Z,중국아 우리나라 조기축구 재패하고와라
하이라이트도 노잼이네,2025-07-08T07:58:52Z,하이라이트도 노잼이네
이동경은 시야가 좁은거야?  패스를 못하는거야? 아님 왼쪽 사이드를 싫어하는거야? 왜 그쪽으론 패스를 못해?,2025-07-08T07:57:55Z,이동경은 시야가 좁은거야 패스를 못하는거야 아님 왼쪽 사이드를 싫어하는거야 그쪽으론 패스를 못해
"도쿄리 골 지리네...
근데 7~8분대인데 땀이 비오듯이 쏟아지는거 보니까 존나 더운듯 ㅋㅋㅋㅋㅋㅋㅋ",2025-07-08T07:57:27Z,도쿄리 골 지리네 근데 78분대인데 땀이 비오듯이 쏟아지는거 보니까 존나 더운듯 ㅋㅋㅋㅋㅋㅋㅋ
이 대회는 무슨 전통이있는데 이런날씨에 하냐? 우승해도 상금 어차피 명보몽규 회식비로 들어가는거 아님?,2025-07-08T07:57:10Z,대회는 전통이있는데 이런날씨에 하냐 우승해도 상금 어차피 명보몽규 회식비로 들어가는거 아님
중국정도는 안봐도 이겼겠지? 하이라이트보기도 귀찮,2025-07-08T07:56:01Z,중국정도는 안봐도 이겼겠지 하이라이트보기도 귀찮
관중왜이리없는거냐,2025-07-08T07:55:56Z,관중왜이리없는거냐
영상 졸 끊기네,2025-07-08T07:55:50Z,영상 졸 끊기네
"짱개이겼다고 우쭐하지마라 !!
고딩이 초딩이긴골",2025-07-08T07:55:44Z,짱개이겼다고 우쭐하지마라 고딩이 초딩이긴골
"한국축구 하는지 조차 몰랏네
대단하다 정몽규 홍명보 그밥에 나물들아",2025-07-08T07:54:15Z,한국축구 하는지 몰랏네 대단하다 정몽규 홍명보 그밥에 나물들아
"아. 아직 축구 하는 구나.. 
국대 축구는 그닥. 무관심 이라.",2025-07-08T07:54:07Z,아직 축구 하는 구나 국대 축구는 그닥 무관심 이라
아 저 망보는 언제까지 해쳐먹냐?,2025-07-08T07:53:55Z,망보는 언제까지 해쳐먹냐
시즨픵 OUT,2025-07-08T07:53:37Z,시즨픵 out
"하이라이트만봐도 중국상대로 백패스를 얼마나 하는거냐
중국이니까 저런 백패스에 수비라인이 올라오지 아시아 중상위권 팀에도 이런 플레이 안먹힌다
그리고 본인이 처리해야될 상황에서 머뭇머뭇하다 공격은 다놓치고 수비는 수비대로 선수 다놓치고 
정신차려야됨 잘해서 이긴게 아니라 중국이 못해도 너무 못한거다",2025-07-08T07:51:13Z,하이라이트만봐도 중국상대로 백패스를 하는거냐 중국이니까 저런 백패스에 수비라인이 올라오지 아시아 중상위권 팀에도 플레이 안먹힌다 본인이 처리해야될 상황에서 머뭇머뭇하다 공격은 다놓치고 수비는 수비대로 선수 다놓치고 정신차려야됨 잘해서 이긴게 아니라 중국이 못해도 너무 못한거다
경기하는줄도 몰랐네 뭐냐 ㅋㅋㅋㄲ,2025-07-08T07:48:33Z,경기하는줄도 몰랐네 뭐냐 ㅋㅋㅋㄲ
이대회는 왜 하는거임?,2025-07-08T07:42:22Z,이대회는 하는거임
아 참 힘들겟다 미안하다 선수들!,2025-07-08T07:41:53Z,힘들겟다 미안하다 선수들
K따리들만 나왔네 ㅋㅋ,2025-07-08T07:39:31Z,k따리들만 나왔네 ㅋㅋ
"아니 근데, 공격진 만들어가는 과정 보니깐 진짜 한숨 나오더라.
소속팀에서는 그렇게 잘하는 선수들이 어떻게 팀 오면 개인 기량으로 깨고 팀웍은 하나도 안맞냐...
중국 상대로 그러면 뭐 어쩔래 진짜",2025-07-08T07:39:29Z,근데 공격진 만들어가는 과정 보니깐 진짜 한숨 나오더라 소속팀에서는 그렇게 잘하는 선수들이 팀 오면 개인 기량으로 깨고 팀웍은 하나도 안맞냐 중국 상대로 뭐 어쩔래 진짜
감독부터 대가리까지 썪어 있는데 하긴.. 중국 상대로 비기면 진짜 다 그만 둬야지.,2025-07-08T07:38:57Z,감독부터 대가리까지 썪어 있는데 하긴 중국 상대로 비기면 진짜 다 그만 둬야지
"약속된 플레이 한번 없고 전술하나 없고 정직하게 사람보고 패스하고 공간패스한번 없고..
중국이니까 이겼네....
안이겨도 되니까 
전술을 보여줘
뻥축구랑 단조로운 운영...
이정도면 감독 없어도 티 안나겠네..",2025-07-08T07:36:44Z,약속된 플레이 한번 없고 전술하나 없고 정직하게 사람보고 패스하고 공간패스한번 없고 중국이니까 이겼네 안이겨도 되니까 전술을 보여줘 뻥축구랑 단조로운 운영 이정도면 감독 없어도 티 안나겠네
동네 조기축구 수준이네 😊,2025-07-08T07:33:38Z,동네 조기축구 수준이네
관중석 반도안찼네 ㅋㅋㅋㅋㅋㅋ,2025-07-08T07:32:47Z,관중석 반도안찼네 ㅋㅋㅋㅋㅋㅋ
ㅋㅋㅋ이게 에이매치라니ㅋㅋㅋ,2025-07-08T07:30:45Z,ㅋㅋㅋ이게 에이매치라니ㅋㅋㅋ
"1:12 전반 8분 이동경 선제골 (1:0)
2:40 전반 21분 주민규 결승골 (2:0)
7:34 후반 12분 김주성 쐐기골 (3:0)",2025-07-08T07:30:11Z,112 전반 8분 이동경 선제골 10 240 전반 21분 주민규 결승골 20 734 후반 12분 김주성 쐐기골 30
듣보잡 애들이 많네,2025-07-08T07:29:12Z,듣보잡 애들이 많네
걷기도 힘든 이 날씨에 저 정도면 잘한거임 선수들 다들 고생하셨어요,2025-07-08T07:28:22Z,걷기도 힘든 날씨에 정도면 잘한거임 선수들 다들 고생하셨어요
이걸 쳐보러가?ㅋㅋ,2025-07-08T07:26:41Z,이걸 쳐보러가ㅋㅋ
"국대축구 점점 관심도 없지만 홍명보 정몽규 이렇게 계속 가는건 정말 아니지 않나?
승리하고 월드컵 출전하면 괜찮다고 생각하는건지.
1년 지나면 다 잊어버린다고 말한 국회의원 윤상현의 말이 떠오르네.",2025-07-08T07:25:36Z,국대축구 점점 관심도 없지만 홍명보 정몽규 이렇게 계속 가는건 정말 아니지 않나 승리하고 월드컵 출전하면 괜찮다고 생각하는건지 1년 지나면 다 잊어버린다고 말한 국회의원 윤상현의 말이 떠오르네
"저 18번, 원하는 대로 공 안 온다고 팀원 탓하고 애 마냥 찡찡대는 애 좀 안 나오면 좋겠다",2025-07-08T07:24:25Z,18번 원하는 대로 공 안 온다고 팀원 탓하고 애 마냥 찡찡대는 애 안 나오면 좋겠다
K리거 골결 극악이다,2025-07-08T07:23:11Z,k리거 골결 극악이다
이동경 역시 잘하네,2025-07-08T07:20:38Z,이동경 역시 잘하네
1군 선수들 안나와서 어차피 안보면서 하는줄도 몰랐다느니 누구 사퇴하라느니 댓글 레전드네 ㅋㅋ,2025-07-08T07:18:30Z,1군 선수들 안나와서 어차피 안보면서 하는줄도 몰랐다느니 사퇴하라느니 댓글 레전드네 ㅋㅋ
아니 중국 공격도 보여주셔야지.. 한국 공격만 보여주시네.. 너무 편파적이네,2025-07-08T07:17:42Z,중국 공격도 보여주셔야지 한국 공격만 보여주시네 너무 편파적이네
진짜 존나 축구 관심없어졌네;; ㅋㅋㅋㅋ 다들 열심히 하고.. 월드컵 가서 화이팅하길~,2025-07-08T07:17:30Z,진짜 존나 축구 관심없어졌네 ㅋㅋㅋㅋ 다들 열심히 하고 월드컵 가서 화이팅하길
뭘 먹였길래 이리 못하냐 땅덩어리는 몇십배 차이면서,2025-07-08T07:16:54Z,뭘 먹였길래 이리 못하냐 땅덩어리는 몇십배 차이면서
결단력이 부족하네.. 골대앞에서,2025-07-08T07:15:33Z,결단력이 부족하네 골대앞에서
태석이 잘하네 아버지 같네,2025-07-08T07:14:10Z,태석이 잘하네 아버지 같네
홍명보 아웃,2025-07-08T07:14:09Z,홍명보 아웃
무관심이 답,2025-07-08T07:12:57Z,무관심이 답
홍명보 이강인 꼴보기싫어서 요즘 국대축구 관심무,2025-07-08T07:12:37Z,홍명보 이강인 꼴보기싫어서 요즘 국대축구 관심무
이재명대통령한테 이제 너네 혼난다! 중국을 이겨 감히?!!!ㅋ,2025-07-08T07:12:32Z,이재명대통령한테 이제 너네 혼난다 중국을 이겨 감히ㅋ
유럽파선수들 없어서 좀아쉽다,2025-07-08T07:12:23Z,유럽파선수들 없어서 좀아쉽다
응 한국축구안봄,2025-07-08T07:12:18Z,한국축구안봄
안산 그리너스만도 못하누,2025-07-08T07:11:32Z,안산 그리너스만도 못하누
문선민 선수인가? 저분정도면 많이 벗겨진건가요? 베지터느낌나는데..,2025-07-08T07:11:05Z,문선민 선수인가 저분정도면 많이 벗겨진건가요 베지터느낌나는데
"이태석 김진규는 충분히 월드컵 명단에도 들만한듯
물론 서브긴 하겠지만

충분히 능력을 보여줬던것같음
이태석은 나이도 어린편이고 군대도 해결돼서
유럽 도전도 가능할 것 같은데 잘하면 1군 멤버로 성장 할 수도?",2025-07-08T07:09:52Z,이태석 김진규는 충분히 월드컵 명단에도 들만한듯 서브긴 하겠지만 충분히 능력을 보여줬던것같음 이태석은 나이도 어린편이고 군대도 해결돼서 유럽 도전도 가능할 같은데 잘하면 1군 멤버로 성장 할 수도
문선민 그 세레머니를  보여줘~~  몽규 꺼지고,2025-07-08T07:09:36Z,문선민 세레머니를 보여줘 몽규 꺼지고
"정몽규, 홍명보 사형 좀 시켜라. 진짜 축구 볼 맛 떨어진다. 이건 새정부서 어찌 못하나? 대놓고 불법을 저지르고도 없던 일이 되는게 2025년 대한민국이 맞냐? 전반 찬스서 아직도 직접 해결할걸 패스하고 앉았다. 홍명보표 발암전략",2025-07-08T07:09:34Z,정몽규 홍명보 사형 시켜라 진짜 축구 볼 맛 떨어진다 이건 새정부서 못하나 대놓고 불법을 저지르고도 없던 일이 되는게 2025년 대한민국이 맞냐 전반 찬스서 아직도 직접 해결할걸 패스하고 앉았다 홍명보표 발암전략
패스 진짜 좋아졌고ᆢ  다들  잘했다,2025-07-08T07:08:04Z,패스 진짜 좋아졌고ᆢ 다들 잘했다
진짜 중국은 아마 수준인듯,2025-07-08T07:08:02Z,진짜 중국은 아마 수준인듯
"어제 경기 후반 70분이 되어서야 네이버 스포츠 탭에 경기 떠있는 것 보고 알았고 
또 그 대회가 우리나라에서 열리고 있다는걸 경기 후 기사 제목을 보고 처음 알았음 
그 정도로 홍보는 아예 안되어 있었음 ㅋㅋㅋㅋ",2025-07-08T07:07:25Z,어제 경기 후반 70분이 되어서야 네이버 스포츠 탭에 경기 떠있는 보고 알았고 대회가 우리나라에서 열리고 있다는걸 경기 후 기사 제목을 보고 처음 알았음 정도로 홍보는 아예 안되어 있었음 ㅋㅋㅋㅋ
"그래도 재밌게 봤다 
공수전환 속도는 미친날씨 치고는 나쁘진 않았음
미드진에서 패스나가는 것도 꽤 볼만했음

김진규 얘는 진짜 괜찮은듯 ㅇㅇ
황인범 서브로 괜찮을듯?",2025-07-08T07:07:06Z,재밌게 봤다 공수전환 속도는 미친날씨 치고는 나쁘진 않았음 미드진에서 패스나가는 것도 꽤 볼만했음 김진규 얘는 진짜 괜찮은듯 ㅇㅇ 황인범 서브로 괜찮을듯
중국은 발전이 없네,2025-07-08T07:05:06Z,중국은 발전이 없네
이승우좀 뽑지,2025-07-08T07:03:58Z,이승우좀 뽑지
정몽규는 수치를 쓰레기통에 버렸나?  이재명이나 정몽규나 부끄러움을 모르는 자들이 앉아 있으니 ...... 더 근본적인 문제는 이들의 문제를 아는 데도 뽑는 자들이 있다는 것이다. 선수들이 안타깝다.,2025-07-08T07:03:24Z,정몽규는 수치를 쓰레기통에 버렸나 이재명이나 정몽규나 부끄러움을 모르는 자들이 앉아 있으니 더 근본적인 문제는 이들의 문제를 아는 데도 뽑는 자들이 있다는 것이다 선수들이 안타깝다
문선민 세레머니 보고싶었는데............,2025-07-08T07:03:09Z,문선민 세레머니 보고싶었는데
홍명보 OUT!!!,2025-07-08T06:59:21Z,홍명보 out
대표팀 경기 잇는지 몰랏으면 개추,2025-07-08T06:59:09Z,대표팀 경기 잇는지 몰랏으면 개추
다 좋은데 여기서 국대 선수들 욕하는 것들은 뭐지?애초에 선수들도 사실상 2군이여서 합 많이 맞추치도 못했을거고 부족한 면이 있는게 당연한건데 국대경기 관심 1도 안가지다가 갑자기 템포가 어쩌네 하며 욕하는건ㅋㅋ,2025-07-08T06:56:36Z,다 좋은데 여기서 국대 선수들 욕하는 것들은 뭐지애초에 선수들도 사실상 2군이여서 합 많이 맞추치도 못했을거고 부족한 면이 있는게 당연한건데 국대경기 관심 1도 안가지다가 갑자기 템포가 어쩌네 하며 욕하는건ㅋㅋ
김진규 진짜 ㅈㄴ 물건이네,2025-07-08T06:52:28Z,김진규 진짜 ㅈㄴ 물건이네
공격템포좀 올려라. 역습각인데도 느릿느릿하게 지공만 고집하는거 보기 너무 안좋음,2025-07-08T06:52:19Z,공격템포좀 올려라 역습각인데도 느릿느릿하게 지공만 고집하는거 보기 너무 안좋음
중국의 경기력에 비해 우리나라 못한거임..최소 5:0 이상 돼야함..,2025-07-08T06:52:07Z,중국의 경기력에 비해 우리나라 못한거임최소 50 돼야함
"잔디가 안좋은거냐 뭐냐
골문 앞에서 독수리슛은",2025-07-08T06:51:52Z,잔디가 안좋은거냐 뭐냐 골문 독수리슛은
"한국의 공격 템포 느릿느릿한거 고쳐야 한다.
그렇다고 개인기 좋지도 않더라",2025-07-08T06:50:24Z,한국의 공격 템포 느릿느릿한거 고쳐야 한다 그렇다고 개인기 좋지도 않더라
"아무리 비중이 작은 동아시안컵 대회 라지만 명색이 국가대표팀 경기인데 관중 동원력
완전 처참한 수준이네요. 기사에는 고작 4천5백명인가 그렇던데 문체부 감사로 드러난
더러운 축협과 그들에 의해 불공정 선임된 홍명보 감독이나 그딴 경기 보고싶은 마음이
얼마나 들겠습니까. 저런 비중이 작은 대회부터 적나라하게 드러나는거지요.
요즘 한국축구판을 보고있자면 그냥 혈압부터 오릅니다. 다음 축협회장은 해외축구팀
꾸준히 초청하는 쿠팡이든, 아이콘매치 개최하는 넥슨이든 어디든 실력있다면 축협회장
선거에 도전해서 한국축구를 좀먹는 정몽규 체제 제발 좀 갈아치웁시다.",2025-07-08T06:43:31Z,아무리 비중이 작은 동아시안컵 대회 라지만 명색이 국가대표팀 경기인데 관중 동원력 완전 처참한 수준이네요 기사에는 고작 4천5백명인가 그렇던데 문체부 감사로 드러난 더러운 축협과 그들에 불공정 선임된 홍명보 감독이나 그딴 경기 보고싶은 마음이 들겠습니까 저런 비중이 작은 대회부터 적나라하게 드러나는거지요 요즘 한국축구판을 보고있자면 그냥 혈압부터 오릅니다 축협회장은 해외축구팀 꾸준히 초청하는 쿠팡이든 아이콘매치 개최하는 넥슨이든 어디든 실력있다면 축협회장 선거에 도전해서 한국축구를 좀먹는 정몽규 체제 제발 갈아치웁시다
우와 ~ 덥겠다  뛰다가 쓰러질 듯! 고생 많았습니다 . 이겼네요 ㅎㅎ,2025-07-08T06:43:19Z,우와 덥겠다 뛰다가 쓰러질 듯 고생 많았습니다 이겼네요 ㅎㅎ
촌스런 유니폼 국대 좀 멋진 유니폼 없냐 왜케 촌스럽다 후진국  못사는 거지  나라 유니폼 같아서 ᆢ 세련미 넘치는 ᆢ 유니폼 입혀라,2025-07-08T06:42:11Z,촌스런 유니폼 국대 멋진 유니폼 없냐 왜케 촌스럽다 후진국 못사는 거지 나라 유니폼 같아서 ᆢ 세련미 넘치는 ᆢ 유니폼 입혀라
역시 명장 홍명보,2025-07-08T06:41:51Z,역시 명장 홍명보
동아시아컵 개막전부터 망한걸로 봐선 회장+감독 때문에 축구 관심 없어진다는게 사실인거 같음. 예전에 저정도는 아니었는데.... 사실 나도 월드컵 가던지 말던지 관심 없어짐. 안하무인으로 저러고 다니니 이제 무관심이 답인거 같긴함.,2025-07-08T06:40:54Z,동아시아컵 개막전부터 망한걸로 봐선 회장감독 축구 관심 없어진다는게 사실인거 같음 예전에 저정도는 아니었는데 사실 나도 월드컵 가던지 말던지 관심 없어짐 안하무인으로 저러고 다니니 이제 무관심이 답인거 같긴함
