text,published_at
"악뮤 펜입니다.
음악은 사랑입니다.",2025-07-05 09:57:06+00:00
조세먼짘ㅋㅋㅋㅋㅋㅋㅋㅋㅋㅋㅋㅋ,2025-07-04 06:05:22+00:00
유희열 보고 있나?,2025-06-25 10:04:51+00:00
그리고 요즘 이런거슨 인스타 무물 객관식 투표로다가도 올리시요,2025-06-11 13:28:46+00:00
하 이찬혁 매력학과 석사졸업했나보다진짜 너무좋다,2025-05-25 10:35:34+00:00
멋져,2025-05-24 10:52:20+00:00
꺼무위키만 적혀도 성공한거라고 봐요,2025-05-24 08:59:42+00:00
악뮤는   그냥  KPOP 의  보물임.   지키고 보존해야할  자산임.,2025-05-19 17:43:56+00:00
"역시 해병대구만 ㅋㅋ씹마이웨이 좋다좋아 ㅋㅋㅋ
넌 해병대나왔으니 ㅋㅋ하고싶은거다해 찬혁아 ㅋㅋㅋㅋㅋㅋ
수만명에 해병이 널응원한다",2025-05-09 18:01:38+00:00
내가 아는 자기 입으로 위인 이야기를 하는... 사람은 노홍철 뿐이였는데...,2025-05-06 05:00:11+00:00
"수현씨 얼굴 너무 예뻐졌어요.
코디만 바꿔주세요.
슬럼프 빨리 극복하세요 ❤",2025-04-29 03:29:51+00:00
"같은 노래안에서 서로 다른 모습을 보여주는 모습이 너무나 사랑스럽고, 고맙게도 생각됩니다.",2025-04-28 19:36:53+00:00
"자기 혼자만, 혼자 돈으로 하는거면 무대에서 뭔짓을 해도 노상관이지만 남의 돈이면 프로여야지.",2025-04-28 01:18:02+00:00
찬혁..자기하고싶은거 다하고사는거..묘하게 GD랑 비슷ㅋ 역시 둘다 ENTP답다👍,2025-04-27 10:48:44+00:00
찬혁 너무 김태호 피디 닮음 ㅋㅋ,2025-04-26 14:33:30+00:00
수현씨 내가 힘들때 나의 큰위로의 힘이었어요 수현씨 노래 들으면 신기하게 맘이 편했었죠,2025-04-26 05:31:45+00:00
Subtitle please,2025-04-11 17:22:30+00:00
악뮤 사랑해 영원하쟈❤❤❤,2025-04-04 00:54:19+00:00
혼자 일어날 수 있는 나이인데 뭐~ㅋㅋㅋㅋㅋㅋ,2025-04-03 23:13:06+00:00
지디는 왜 유명한거야,2025-04-02 08:21:08+00:00
비타민. 수현이는 답이였다라는말이 정말 사랑스러운 존재구나 하면서 내딸이랑 겹쳐 보임,2025-03-31 10:46:40+00:00
진짜 그 자체가 장르다ㄷㄷ. 싸이같이,2025-03-31 02:31:24+00:00
15:05에 나오는 노래 제목이 뭔가요 ㅠㅠㅠ,2025-03-23 16:34:44+00:00
떠나지마 ㅠㅠ,2025-03-20 05:42:42+00:00
예술적 재능이 뛰어난데 세상살이는 반대로 서툰사람들이 있는거 같아요 .. 세상살이를 노래만큼 잘할라고 하지는 마세요..그럴순 없어요 그럼 우린 어떻게 살아요?ㅋㅋㅋ 그리고 지금은 아는게 전부라고 생각하지마세요 .지금 이해가 안되거나 모르겠는건 좀더 두세요..때가 되면 알게될테니..그리고 지금 돌봄을 한껏 즐기세요 그들이 힘들때  한껏 돌봐줄수있게,2025-03-18 12:31:14+00:00
수현이 노래 미쳤어~~~!!!!,2025-03-18 03:47:56+00:00
이미. 위인임!!!!,2025-03-18 03:38:24+00:00
수현.. 항상 건강해..,2025-03-13 11:15:10+00:00
악뮤만한 노래가업따…❤,2025-03-11 03:27:53+00:00
찬혁이 ㄱㅇㅇ,2025-03-10 05:43:56+00:00
해병대 찬혁은 힙합을 깔수있다!!,2025-03-07 16:35:52+00:00
"진짜 좋은 자매같아서 보기 좋아요 
늘 행복하시고 서로 챙겨주시고 좋은 밤에 좋은 동기를 얻어가요~",2025-03-07 13:46:26+00:00
또 봐도 웃겨 ㅋㅋㅋ 왜케 웃기니 ㅋㅋㅋ,2025-03-06 14:54:06+00:00
수현아 잘 이겨내길 바랄께,2025-03-06 04:35:36+00:00
멋있다 진짜....,2025-03-06 04:09:09+00:00
악뮤는 신이다..,2025-03-04 07:12:24+00:00
악뮤러브,2025-03-03 09:13:01+00:00
해병대 후배라서 더 정이갑니다. 병역기피하는 사람도 있는데 해병대는 지원이니까!!!!,2025-02-27 21:38:42+00:00
"약간 이젠 똥을 싸도 박수쳐줄 위치가 되서 가능한 발상과 마음가짐을 본인이 이해 못하고 있단 것은 안타까운 마음도 있음.
하고 싶은거 앞으로도 다 해도 될만큼 재능이 있는 사람이라 누구도 말릴 자격이 없지만 1000% 이상으로 프로페셔널 한 사람은 동생이란 진실은 알고 행하는 것이 중요하다고 봄",2025-02-25 15:57:35+00:00
"각자 서로의 답을 찾아가는거죠~
그게 인생이고 그런 서로를 인정하는게
중요한거죠~",2025-02-22 23:54:29+00:00
"수현이 단독 인터뷰 보는데 왜케 눈물이 줄줄 나지. 많이 힘들었겠지, 어린 나이에. 고생 많았어, 애기들.",2025-02-22 14:06:40+00:00
맴버들끼리 싸우면 엄마한테 혼나는 그룹,2025-02-17 03:12:56+00:00
"내숭 이. 안돼
동생은 너를 다 알고있다. ㅡ멋진척은하지 못한다ㅡㅡ
 
점점 잘샹겨지네?",2025-02-16 12:33:59+00:00
성형안해서 젤좋음,2025-02-16 03:41:28+00:00
프로가 중요한가.. 즐기자..정말 듣기좋은 말이네,2025-02-15 14:51:58+00:00
"악뮤는 지금 두사람이 가진 자세를 유지한다면, 찬혁이의 바램대로 k팝 역사에 영원히 남을 롤모델이 될거임.
어쩌면, 세계 팝음악사에서 기념비적인 인물들이 될거임.
카펜터스, 비틀즈, 마이클 잭슨 정도의 인물도 가능하리라 기대함.
아티스트로서의 성장기를 대중과 함께했으면서도, 대중과 동떨어지 않으며, 대중이 기대하는 것 이상을 항상 보여주려던 노력, 그리고 자신들의 음악의 방향이 어디로 향하고 있는지를 항상 고민하며, 더군다나 주도권을 한명이 모두 행사하는 솔로도 아닌, 항상 서로에게 소통해서 조율해야만하는 듀오라는 난이도를 생각하면...
k팝을 넘어서 세계 팝음악사에서 유일한 그들만의 위치를 가질 수 있다고 봄.

앞으로도 지금만큼 최선을 다해 주길 기대하고, 응원합니다.",2025-02-09 12:18:06+00:00
진짜 사랑스러운 둘❤❤,2025-02-07 03:09:30+00:00
찬혁씨 힘내세요!,2025-02-04 17:14:03+00:00
위인전 될수있을듯 당신의음악이얼마나 위대한지 우리 8살아들이 빠져들었어요 ㅋ 더 놀라운 영감으로 진실의 메시지를 세상에 전하시길 기도해요!,2025-02-04 17:02:01+00:00
천재 옆에. 천재 보컬이 있어서서. 좋네요...,2025-02-03 12:52:29+00:00
악뮤❤❤❤❤,2025-01-30 10:06:11+00:00
오래오래 건강하게 잘 살았으면 좋겠어요~~ 악뮤 너무 좋아요,2025-01-28 14:56:28+00:00
훌륭한 노래들을 너무나 많이 만들었는데..정말 부담갖지 말고 편안히 노래만들고 뮤지션으로 지금처럼 활동 잘해줬으면 좋겠다~~그리고 위인전 정말 이해됩니다~^^,2025-01-28 10:44:57+00:00
진짜 사랑스런 남매 수현이 목소리는 천상의 목소리임 동나이대 원탑,2025-01-27 04:08:13+00:00
조세먼지ㅋㅋㅋㅋ,2025-01-24 21:09:22+00:00
사는게 다들 고롭다 로또가 답이다 😭 😭,2025-01-24 12:45:02+00:00
각자의 어두움을 서로가 빛이 되어주는 소중한 가족❤ 자녀가 1명이면 느끼지 못했을 소중한 채움.,2025-01-21 08:34:19+00:00
나라가 어지러워서 머리 아프고 마음 답답하기 그지 없는데 악뮤보면서 웃고 힐링 합니다,2025-01-20 13:06:42+00:00
"챙겨주신 강철  한판 가자 모두 고맙습니다.  
잘 커준 겨레도 너무 고마워.
영순도 너무 고맙고 모두들 사랑합니다. 
강철 콘서트 감동이었습니다. 
명절 잘 보네시고요. ^^",2025-01-19 22:41:30+00:00
연예게 몇 않되는 타고난 천재들..,2025-01-18 22:29:53+00:00
더 대단해지지 않아도 돼! 행복해수현아❤,2025-01-17 00:12:15+00:00
위인전 내가 써줄겡ㅎ ㅋㅋ,2025-01-16 23:57:57+00:00
"와 찬혁이 대단하다
나 진짜 잘 안웃는데
찬혁이 덕분에 웃고간다
보물이네",2025-01-16 20:57:11+00:00
"법적으로 도덕적으로 위배되지 않는 한..  
찬혁아.. 넌 너가 하고 싶은거 다해라.
가식적인 모습보다 훨씬 보기도 좋구 그게 이찬혁이다.",2025-01-14 06:48:34+00:00
"둘다 자존감이 높아서
많지않은 나이인대도
서로 다름을 인정하고 소중한 사람에게 함부로 하지않는 모습이 정말 보기좋아요",2025-01-14 04:55:34+00:00
감사합니다,2025-01-13 20:24:58+00:00
간,2025-01-13 20:24:04+00:00
"음악적으로 기본기가 워낙 탄탄하다보니
모든게 자연스럽고 예술적 행위로 보인다
찬혁,수연 항상 응원합니다~❤",2025-01-13 13:46:47+00:00
진짜 국보남매다~~,2025-01-12 00:03:58+00:00
저땐 이찬혁이 너무 중2병스럽고 손발오글 느낌이었는데 이제 와서 돌아보니 천재가 자기 끼를 자각해가는 과정 중이었음,2025-01-11 15:11:52+00:00
수현이가 참 한결같이 착함. 어떻게보면 독특한 행동하는 찬혁이가 불편할 수도 있는데 잘 맞춰주고 싫어하는 티도 잘 안내고😂. 서로 꾸준히 그룹 활동 잘 해나가는 멋진 남매,2025-01-11 03:01:52+00:00
두분이 너무 예쁜 관계라 눈물이 날정도로 사랑 스럽네요. 남매의 사랑이 넘쳐나네요. 주님안에서 두분 안전하고 행복하시길... ❤❤❤❤,2025-01-10 18:20:30+00:00
악뮤의 무대는 지상과 천상의 중간지대에서 울리는 소리~,2025-01-10 10:39:32+00:00
천재!!!!!,2025-01-09 11:39:19+00:00
찬혁 수현이는 하나님의 축복이자 선물인것 같아요 ❤❤,2025-01-09 11:05:36+00:00
우선 국힙원탑이 군필인것부터가 끝임,2025-01-08 06:27:44+00:00
정말 알면 알수록 너무 대단한 아티스트 남매이자 서로를 얼마나 아끼고 의지하는지 볼수록 감동인 남매이네요... 오래오래 함께해줘요❤❤❤,2025-01-08 00:15:09+00:00
신해철 다음 주자,2025-01-07 20:05:05+00:00
"이찬혁씨 너무 좋아요
최고 ㅋㅋㅋ",2025-01-07 12:39:02+00:00
"악뮤는 정말 위대한 천재!!! 앞으로도 승승장구 했으면 좋겠네요!
시월모바일 알뜰폰 요금제 너무 저렴해서 너무 좋아요",2025-01-06 12:51:24+00:00
유재석은 자기보다 잘난 꼴을 못 본다 돈좀 벌더니 다 깔아 보는 가벼운....,2025-01-04 22:31:12+00:00
대한민국 역대급 천재 뮤지션이 둘이 동시에 나타난게 복이다,2025-01-04 20:15:37+00:00
찬혁은 행복해보이고 이수현은 목소리는 정말 국보네...,2025-01-04 11:38:16+00:00
수현 살빠지니 너무 이뻐요,2025-01-03 23:59:26+00:00
찬혁이가 리얼 아티스트고 수현이는 그저 테크닉한 싱어일뿐…그래서 둘은 서로 필요한 관계,2025-01-02 12:00:56+00:00
난 GD보다 이찬혁!!,2025-01-02 10:36:54+00:00
"중간공연영상에 쪽빨 야마하드럼은 뭐냐 
렌탈 하는 것들은 쓰레긴가 저걸 왜 써 
에이 짜증나네",2025-01-02 02:43:41+00:00
둘 다  너무 멋짐,2025-01-02 02:37:27+00:00
"찬혁씨 표현 다 알아듣겠고 그 표현력이 맘에 들고 참 좋네요😊

두 분 늘 응원합니다~",2025-01-01 12:54:30+00:00
참으로 기특한 친구들이로다,2024-12-31 08:20:05+00:00
찬혁 같은 오빠 있음 좋겠당😂,2024-12-31 04:40:49+00:00
저도 악뮤 초반 부터 좋아했엉!순수한 천재성이 느껴진달까 그들의 성장배경이 일반과 다름에도 불구하고 숨길수 없는 재능.!!!,2024-12-31 04:39:25+00:00
"댓글을 안달수가 없는…자유롭지만 거부감 없는 밝은 아티스트 찬혁, 매력적이고 사랑스러운 맑은 목소리의 가수 수현 ~",2024-12-30 18:06:23+00:00
악뮤는 정말 우리들의보석이에요 오래오래 음악해줬으면 좋겠어요,2024-12-30 17:32:43+00:00
내 나이 마흔 다섯에 사춘기가 온듯 해. 잘이겨내 볼께.,2024-12-30 16:42:48+00:00
이찬혁 은근 개그캐임 ㅋㅋㅋㅋ,2024-12-30 14:19:52+00:00
찬혁아티스트 존경해요^^,2024-12-29 10:57:28+00:00
16:44 에나오는 노래 제목뭔가ㅛ우ㅜㅜ,2024-12-29 04:46:09+00:00
너무좋다,2024-12-29 04:40:39+00:00
"좋아하는 연예인은 있어도 좋아하는 사람은 없었는데,
악뮤는 좋아하는 사람이 될 것 같습니다..  
위인전 나올때까지 응원할게요🤩 응원할게요❤❤❤",2024-12-28 23:46:43+00:00
찬혁은 보면 정신에 문제있는거 같은데ㅋㅋ,2024-12-28 17:27:02+00:00
둘다절대음감,2024-12-28 04:33:02+00:00
"선 함이 성공하기 까지 ...
모두들 힘 내 보자구요❤",2024-12-28 03:32:06+00:00
Thank you ❤😊,2024-12-27 21:20:15+00:00
딸하난데.. 이제라도 .. 찬혁이같은  오빠를 만들어주고싶네 ㅋ  음.. 😢 나중에 결혼 잘해서  오빠대신 아빠를 만들어야겠지,2024-12-27 13:26:53+00:00
촉새 유재석 없는 세상에서 살고 싶다............지겹다 못해 역겹다,2024-12-27 10:22:55+00:00
"3:02 악뮤 전 앨범과 에러 앨범까지, 이제와서 생각해보니 이찬혁 위인전 나오면 난 무조건 사서 읽어보고싶다",2024-12-27 03:30:27+00:00
너무사랑해 악뮤 나 이거 주기적으로 봐 ㅡ 나 진짜 너네사랑해 ㅡ 고마워,2024-12-26 13:57:17+00:00
CD를 삼키고 GD를 삼키는건 ㅋㅋㅋ 누가 생각해낸거야 ㅋㅋ 라임쥑인당 ㅋㅋㅋㅋㅋ 천재👍🏻👍🏻👍🏻👍🏻❤️❤️,2024-12-25 21:39:53+00:00
진심으로 수현이는 아프지 않았으면 좋겠다,2024-12-25 12:17:13+00:00
수현... 너무 귀엽고 사랑스러워. 흥해라!!! 찬혁이도 귀여워.^^,2024-12-25 11:33:21+00:00
온 가족이 다 사춘기를 겪는 수현이를 돌봐준다는 말이 참 든든하고 따뜻하게 느껴진다~ 단단해질 수 밖에 없을듯 !,2024-12-25 10:05:37+00:00
미안하다 찬혁아 니는 쥐디 따라가지도 못한다 끼가 틀린데 왜 바보짓을 하냐;;쥐디 처럼 목소리라도 힙하던가 넌 그냥 악뮤 음악에 맞어 그냥 이수현이랑 같이 악뮤로나 열심히 해라 왜 디디면 안될곳을 계속 디디지 ㅡㅡ;;,2024-12-25 07:12:48+00:00
5:08,2024-12-25 04:10:05+00:00
악뮤는 진짜 독보적인 세계적인 남매 그자체다 ㅎㅎ,2024-12-25 02:07:55+00:00
뮤지션이 아닌 인간으로써도 진짜 대단하다. 어린나이인데 신념과 옳음이 뭔지 아는 그리고 무엇보다 사랑과배려가 많은 인성이네. 역시 악뮤는 최고.,2024-12-25 01:13:57+00:00
찬혁이는 자신을 있는 그대로 보여주는 솔직함이 베이스라 연애인병과는 완전 다른거 같아요^^ 편하게 감동주는 악뮤 사랑해요,2024-12-25 01:08:54+00:00
"수현씨. 
수현씨는 오빠말 그대로 정답이고 빛이에요. 
수현씨 하고 싶은거 다해~🩷 
전국민이 사랑하고 응원하고 아끼고 있어요. 그러니 너무 애쓰지 말고 그냥 편하게 지내요^^ 진심으로,  뭘하든 다 괜찮고 이쁜사람에요 🍀",2024-12-24 05:42:17+00:00
"유느님도 잠시 머뭇 ㅋㅋㅋ
진심 찬혁씨 윈
모든 끼를 방출하세요❤",2024-12-23 23:13:57+00:00
"가수 이찬혁이 저런 말하니까 웃으면서도 들어주는거지
다른 사람이 했으면 진즉에 매장 당함...
그만큼 많은걸 쌓아왔고 이미 보여줬었다고 생각함
음악적인 부분으로는 누구를 비교하기 힘들 정도로 자신만의 
확실한 길을 걸은것은 부정할 수 없음
그래서 나좀 대단한듯? 이제 자유롭고 싶다 이정도는 
그런가? 그러고 들어줘도 된다고 생각합니다",2024-12-23 02:32:07+00:00
"'혼자 일어날 수 있는 나인대요 뭐'
ㅎㅎㅎ",2024-12-21 20:17:21+00:00
"오빠에게 ‘빛나는 사람’ 이자 정답이었던 동생이 얼마나 될까 

가족의 끈끈함 속에 믿어주고 기다려주고
서로가 예쁜 언어로 채워주고 

긴 시간 함께하는 가족이라서 더 응원한다 

원래 인생은 슬럼프 극복을 통해 
중요한 것들을 찾아가게 되고 
거기에서 찾은 사람들에게 더 애틋해지는 듯",2024-12-20 19:53:07+00:00
저 가족 부럽다.,2024-12-20 16:58:12+00:00
아 둘 다 너무 사랑스러 😍,2024-12-18 05:26:45+00:00
아주 끈끈한 서로 챙겨주는 남매의 모습이 너무 이뻐요 보는 사람도 훈훈하고 앞으로도 더 서로 의지하면서 단단한 한 팀으로 나아갔으면 하네요^^,2024-12-18 04:34:35+00:00
GD를 삼켰다는 이 영상의 제목이 매우 아쉽네요.,2024-12-17 09:02:15+00:00
이렇게 대견하고 자랑스러운 남매가 또 ㅣㅆ을까,2024-12-15 11:44:56+00:00
진짜 얘네는 뭘 해도 예쁘당 참 소중해❤ 앞으로도 좋은 음악 많이 들려주길~,2024-12-14 22:52:34+00:00
아 찬혁아 ㅋㅋㅋㅋ 웃겨죽어 ㅋㅋㅋ 웃기면서 철학적인 찬혁이 ㅋㅋㅋ,2024-12-14 01:22:18+00:00
"울 대한민국의 이쁜 남매라 둘의 성장이 너무 소중하고 기특하고 예쁘고
그냥 다 사랑스러워 ❤❤❤",2024-12-12 14:53:52+00:00
공기를 먼저 둔다는 표현도 가사로 쓸법하네 ㅋㅋ 춤추는것등등 받아줄사람이 별로 없었을텐데 자이언티 만나서 잘됐네ㅋㅋㅋ,2024-12-10 02:52:04+00:00
이수현 어린시절보니까 장윤정 딸래미 같아 😂 귀엽당,2024-12-09 12:31:37+00:00
이수현 목소리 너무 좋아 😍,2024-12-09 12:27:58+00:00
찬혁의 gd병 귀엽다ㅋㅋㅋ,2024-12-09 12:08:41+00:00
알람신청이요,2024-12-06 00:14:19+00:00
"찬혁이 형은 그냥 지디병이 아님.
그냥 지디 그 자체임.",2024-12-05 02:08:38+00:00
GD를 삼킨게 아니라 우연히 가는길이 비슷했을 뿐임. 누군가의 그림자로 불려지기엔 너무 이찬혁임.,2024-12-03 17:03:58+00:00
6:56 찐 동생 나왔닼ㅋㅋㅋㅋ,2024-12-03 06:13:34+00:00
위인전 쓰고 싶다며.!!!!!!!!!!!!!!!!!!!!!!!!,2024-12-02 17:16:47+00:00
GD를 삼킨.이찬혁 ㅋㅋㅋㅋㅋㅋㅋㅋ 작가 누구냐.ㅋz,2024-11-29 00:39:42+00:00
진짜 김태오 닮았네 ㅋㅋㅋ,2024-11-27 19:46:15+00:00
솔직히 광고 더럽게 많다,2024-11-27 13:24:52+00:00
수현아 힘내!,2024-11-23 10:34:14+00:00
악뮤는 내 인생 가수임,2024-11-21 09:00:12+00:00
역시 천재라 배려도 깊고 생각도 바르네요,2024-11-17 09:48:53+00:00
역시 천재네.. 공기의 순서를 정하네..ㅋㅋㅋ,2024-11-17 02:07:23+00:00
ㅋㅋㅋㅋㅋ아너무웃겨ㅋㄱㄲㄱㄱㅋ,2024-11-16 09:36:34+00:00
찬혁❤악뮤좋아,2024-11-16 03:17:01+00:00
지디 컴백했는뎅 찬혁이랑 같이 무대하는거보고싶다 ㅎㅎㅎㅎㅎ,2024-11-16 02:34:42+00:00
서로 정말 잘해주는거같아서 보는내가 뿌듯해 노래도 너무좋고 그래서 더 와닿나봐,2024-11-15 20:22:21+00:00
수현이에게서 그 김고은씨가 얼핏보임..!!,2024-11-15 17:31:57+00:00
UV 페이크다큐 아니었네ㅋㅋ,2024-11-15 13:05:49+00:00
사적인 자리를 즐기지 않는 다는 말에서 진짜 찐이란게 느껴진다,2024-11-14 21:48:27+00:00
찬혁이. 위인전은 지금 위키백과로 채워지는중이야,2024-11-14 03:43:04+00:00
"나는 딱 듣고 아 내 말에 집중될 수 있게 정적의 시간을 좀 가졌다고 할 수도 있는데 세호님의 기운을 뺀다, 공기를 내 앞 순서로 뒀다는 표현이 너무 신박하고 참신해서 감동하고 있었는데 옆에서 수현이가 다른 말로 정리해주신 유재석님을 극찬하길래 뜨끔했다 ㅋㅋㅋㅋㅋ",2024-11-11 03:32:41+00:00
내 최애 보이스 악뮤,2024-11-10 02:52:41+00:00
힘내요. 악뮤. Forever ~,2024-11-09 11:07:12+00:00
"먼 지디를 삼켜 
삼킨적도 뱉은적도 없다 퉤퉤",2024-11-08 06:46:13+00:00
"악뮤 좋아요 보물이에요♡ 
항상 틈틈히 생각날때마다 듣고, 찾아봐요! 
찬혁아 언제나 응원해❤",2024-11-08 04:50:48+00:00
일단 한돈이 되었네,2024-11-06 14:34:56+00:00
참 멋있다. 둘다. 성숙하다 참. 감정과 변화를 있는 그대로 바라본다는것이 너무나 느껴져. 존재자체로 사랑하는 being love,2024-11-06 12:33:54+00:00
이 시람들 유쾌하다 좋다😊,2024-11-05 11:53:34+00:00
찬혁군 엔팁이라더니. ㅋㅋㅋ 이해가 갑니다. 😊,2024-11-05 08:51:20+00:00
찬혁이랑 소연이 만나서 노래하나만들었음 좋은곡나올꺼같은데,2024-11-04 07:08:54+00:00
"끝부분에서 진지한 애기 너무 좋네요 직업 수행하는 부분으로도 힘든 점이 있고, 가족 구성원으로서 그 역할 다하는 것도 힘들고 같이 서로 힘든 시기마다 서로가 중재자든, 비타민이든 역할하면서 채워주는 모습 너무 보기 좋아요 진짜 다른 댓 말마다나 두 분 다 너무 성숙하세요 참 배워가는게 많네요 이 영상 하나로",2024-11-03 11:57:12+00:00
유퀴즈 지디보고나니 이 영상이 바로 플레이됨 ㅋㅋㅋㅋ,2024-11-03 10:34:01+00:00
마이웨이 ❤ 청개구리기질 아주좋아요 내 스타일이야😊,2024-11-03 10:22:19+00:00
"눈물 나 ㅠㅠ
정말 잘 자랐고
어여쁘고 소중하고
사랑스러운 관계다
내 가정도 이러했으면..
사랑스러워 온가족 모두",2024-11-03 09:22:44+00:00
열린결말 위인전 세계최초에 도전하자! ㅋㅋㅋㅋㅋㅋ 힙합은 멋지지 않다는 때가 정점인줄 알았던 내가 잘못했다. 정말 행복하다 Gd와 너를 동시에 누릴 수 있는 우리는 말이다.,2024-11-03 05:53:00+00:00
"5:01 라디오스타 에피소듴ㅋㅋㅋ
5:08 10초 정도를 가만히 있는 거예요",2024-11-02 15:53:15+00:00
ㅋㅋㅋ귀욥다 둘다 ㅎㅎㅎ,2024-11-02 12:59:50+00:00
남매가 정말 멋지다~ ❤️ 사랑스런 남매,2024-11-02 01:23:43+00:00
5:49 ㅋㅋㅋㅋㅋㅋㅋㅋㅋㅋㅋ고개숙인 수현,2024-11-01 08:17:56+00:00
첨부터 등장 개웃기네 ㅋㅋㅋㅋㅋㅋㅋㅋㅋㅋㅋㅋㅋㅋㅋ,2024-11-01 08:11:52+00:00
GD가 컴백하니까 이게 뜨네...😊,2024-11-01 04:51:50+00:00
진짜 너무귀엽쟈나 ㅋㅋㅋㅋㅋㅋㅋㅋㅋㅋㅋㅋㅋㅋㅋㅋㅋㅋㅋㅋㅋ,2024-11-01 03:17:54+00:00
군대가 그래도 소중한 기억인게 가족의 소중함을 느끼게 해준 경험이였음,2024-10-31 20:33:48+00:00
"너무 이쁜 악뮤❤
행복하세요.",2024-10-31 04:30:19+00:00
선글라스 어딜껀지 궁금하네용,2024-10-30 04:16:44+00:00
"너무 어릴때부터 천재소리들으며 모든일들이 쉽게 이루어나가니 일반사람과 나는 다르다는 생각을 가지고 사는사람같네요...
그런데 음악적으로는 찬혁 수현 둘다 너무 좋아 반박할수가 없네요~ ㅎㅎ",2024-10-29 08:40:38+00:00
우리수현이 잘해낼거라고 믿어의심치않앗!,2024-10-28 20:59:05+00:00
찬혁이 위인전 써 기다려😊😊😊😊,2024-10-27 16:06:47+00:00
찬혁은 나랑만나면 대화가 정말 잘 될듯❤,2024-10-27 13:59:49+00:00
진짜 천재들~~~🎉🎉,2024-10-27 12:28:50+00:00
귀여웤ㅋ,2024-10-26 01:19:27+00:00
"한 10초에서 10초정도(?)
ㅋㅋㅋㅋㅋㅋㅋㅋㅋㅋ자막쓰면서도 의아한 멘트",2024-10-25 22:38:00+00:00
힘들때 서로를 비난하고 원망하는대신 돌보고 사랑해주는게 가족이죠 너에게 무슨 이유가 있겠지~~내가 무엇을 해줄수 있을까??하며 따뜻한 시선과 손길을 전하는것,2024-10-25 10:24:41+00:00
언제나 사랑스러운 국보 남매❤,2024-10-25 08:17:28+00:00
"수현님이 자신의 마음을, 감정을 잘 알아차리고 저렇게 조리있게 표현하는게 … 정말 대단하네요!! 👍
물음표에 대한 자신만의 해답도 슬럼프도 너끈히 이겨내실 수 있을거라 생각되어
성장통을 겪은 그 이후의 모습이 더 기대됩니다 ❤ 응원합니다 수현님",2024-10-25 01:43:25+00:00
찬혁이가 힙합안멋져 하고부터 쇼미 나락감,2024-10-25 01:27:20+00:00
와~ 진짜 찬혁씨를 더 좋아하게 만드는 인터뷰네요 ㅎㅎㅎㅎ 이걸 이제야 보다니 ㅎㅎㅎㅎ 악뮤 사랑합니다!!,2024-10-24 23:30:54+00:00
수현 노래하는 목소리 너무 사랑스럽다.,2024-10-24 15:57:54+00:00
이남매는 온국민과 나라에서 보호해줘야 한다!~,2024-10-23 19:15:35+00:00
근데 찬혁이는 저래도 돼. 저래도 안 오글거리고 진짜 멋있어. 방송용 캐릭터가 아니라 진짜 저런 사람인것같아서.. 예술병이 아니라 진짜 예술인것같아서,2024-10-23 09:02:18+00:00
악뮤의 솔직함과 음악이 너무 좋다,2024-10-23 04:13:23+00:00
오랜날에서 이미 천재들임,2024-10-22 20:56:24+00:00
아무리 엇나가는척하고싶어도 올바름이 피어나는 캐릭이네 나중에 작곡 소재 슬럼프와서 약만 안했음 좋겠다ㅜㅜ,2024-10-22 18:33:37+00:00
지디병이라 할 수있긴 한데 애초에 지드래곤이라는 사람은 아무리 잘생긴 사람이 해도 오글거리고 꼴볼견인 행동들이 그렇지 않게 어울리는 유일한 사람인데 그런 멋진 제스처를 많이 하는게 그분인데 이젠 누가 뜻대로 멋있는걸 하면 그분 때문에 다 지디병이 되버리니까 참 아쉬운거같긴함,2024-10-22 14:12:14+00:00
둘다 왜케 귀여워 둘다 순수함,2024-10-21 06:53:07+00:00
이 둘을 보니 왠지 연우 하영이가 생각난다ㅎ,2024-10-20 11:15:18+00:00
노벨상 받은 분께서 언급했으면 위인이지^^,2024-10-19 16:53:27+00:00
현명하다 아이들이,2024-10-19 07:02:21+00:00
얘들은 진짜 나이 40먹어도 악동뮤지션이라는 이름이 어색하지 않겠어ㅋ 애들도 착하고 각자 실력도 좋고ㅋ,2024-10-19 02:43:49+00:00
근데 이제 시집가야지...수현이도 26인데..,2024-10-19 02:23:57+00:00
수현아 변신한번 가자,2024-10-18 10:27:39+00:00
찬혁아 겉멋 아티스트를 따라하는게 아닌 이상 귀 닫아..... 잘하고있어... 박재범스케치북에서 너의 파노라마는 예술이었다..,2024-10-18 10:19:14+00:00
너무너무 귀한 남매입니다 빛나요 ❤,2024-10-17 22:29:51+00:00
'음악은 시간예술이다' 를 완벽히 알고있네 이찬혁씨는.. 존경스럽다,2024-10-17 19:35:14+00:00
유퀴즈에 지디 나왔대서 보러 왔습니다....,2024-10-17 10:40:52+00:00
천재...,2024-10-17 01:06:08+00:00
악뮤가 있어 우울하고 서글픈 세상살이에 큰 위로가 됩니다.❤,2024-10-16 10:06:56+00:00
"아이고 아버님..아들이 좀 사차원이고 부산스럽고 엉뚱해도 받아주시고 품어주시지..틀안에 가두려하셨구나..어릴적 어떻게 자랐나..완벽한 조화이고 
잘커서 부모님이 부럽다하고 궁금했는데.. 자식은 내맘대로안되지만..스스로 잘크고.. 사랑으로 잘 키워주셨네",2024-10-16 05:03:33+00:00
수현아 살 좀만 빼자ㅜㅠ,2024-10-15 16:29:03+00:00
악뮤 부모님 정말 존경합니다.,2024-10-15 15:45:15+00:00
기특한 남매 ♡,2024-10-15 11:29:28+00:00
해병대가 이렇게 무섭습니다,2024-10-14 22:41:20+00:00
찐 남매..찐 뮤지션~,2024-10-14 06:46:00+00:00
1:15 진짜 귀엽다ㅋㅋㅋㅋ,2024-10-12 07:25:06+00:00
찬혁이.... 라고 하기에는 형이라. 진짜 멋있다. 말이 진중하고 힘이 실려있는 느낌,2024-10-11 13:50:53+00:00
오랜날 오랜밤 작사작곡을 이찬혁이 했다는게 대단하네요,2024-10-11 08:10:37+00:00
평소에는 몰랐던 얘기를 들을 수 있어서 좋았어요ㅠㅠ 악뮤가 더 좋아짐,2024-10-10 13:41:43+00:00
대화가 안 통하네 ㅋㅋㅋㅋㅋㅋㅋㅋㅋㅋㅋㅋㅋㅋㅋ,2024-10-10 09:19:00+00:00
끝까지 활동 했으면 좋겠다,2024-10-09 22:51:56+00:00
이 친구들을보면 가정환경과 부모의 양육방식이 참 중요하다는 생각이든다,2024-10-06 22:54:14+00:00
1년만에 봐도 진짜 제목 미쳤네 ㅋㅋㅋgd를 삼킨 찬혁이라니 ㅋㅋㅋ,2024-09-29 05:07:39+00:00
이거 보는데 왜 눈물이 나지 …,2024-09-29 02:44:17+00:00
둘 떨어 트려 줄 사람이 반드시 필요하지요,2024-09-28 19:38:42+00:00
자유로운 영혼 이찬혁... 영리하고 만렙 수현.... 둘이 살짝 삐끗하는 호흡이 넘 완벽하다,2024-09-28 14:09:26+00:00
이찬혁흥해라,2024-09-27 13:26:23+00:00
ㅋㅋ 나도 GD 좋아해 그거 아닌데,2024-09-23 11:22:57+00:00
몇 살에 태어났다는 진짜 ㅋㅋ,2024-09-23 11:12:13+00:00
진짜 좋은 오빠고 진짜 좋은 동생이다,2024-09-20 01:46:14+00:00
고음을 내지르는 가수보다 맛나게 노래부르는 수현이가 넘 좋다❤❤ 수현아 너야말로 너하고 싶은거 다해❤❤,2024-09-18 10:21:15+00:00
찬혁씨 실종 어떻습니까?,2024-09-13 12:43:52+00:00
남자욘예인은 군생활보면 답나옴 쟨 군생활도 ㅈㄴ열심히하고 성실하게한것부터 끝,2024-09-13 02:46:05+00:00
Happy birthday Chanhyuk,2024-09-13 01:38:31+00:00
I love all AKMU songs,2024-09-13 01:38:13+00:00
왠만한 사람이 저러면 재수 없는데 이건 무슨 개그맨도 아니고 찬혁이 저러니까 유쾌하면서 응원하게 됌,2024-09-09 12:26:11+00:00
역시 일단 인성이 좋아야 좋게 보임 찬혁 수현 화이팅,2024-09-09 06:09:47+00:00
악뮤 둘다 너무 사랑스러움 ㅎ,2024-09-04 04:56:19+00:00
말하는거개신박함ㅋㅋㅋ,2024-08-30 03:33:03+00:00
하필 이 얘기를 유재석 앞에서 했네. ㅋㅋㅋㅋㅋㅋ,2024-08-29 16:56:22+00:00
두분이 무대에선 티격태격거려도 항상 서로를 생각하는 것 같네요 앞으로도 두분 마음 그대로 유지돼서 더 좋은 무대 보여주시길 바래요!,2024-08-28 00:29:20+00:00
"2024년 8월에
악뮤를 보는데도 넘 좋으네요.",2024-08-26 13:23:18+00:00
真希望字幕可以有換成繁體中文版的功能，為什麼韓國的都不能換，我以為韓國的是世界的節目，唉，累。,2024-08-25 06:38:46+00:00
제경험상.. 찬혁씨는..  사.춘.기,2024-08-24 13:01:00+00:00
ㅋ😂😅위인전.,2024-08-11 12:20:11+00:00
3:14 몇살에 태어났다는 대체 뭔 말임 ㅋㅋㅋㅋㅋㅋㅋㅋㅋㅋㅋㅋㅋㅋㅋㅋㅋㅋㅋㅋㅋㅋㅋㅋㅋㅋ큐ㅠㅠㅠㅠㅠㅠㅠ,2024-08-10 02:43:45+00:00
이찬혁은 천재라서 일반인들과 다르다는 거라고 생각하니까 뭔가 이해가 됨 해서 안될 짓 하는 것도 아니고 ㅋㅋㅋㅌ,2024-08-07 23:26:34+00:00
Wish there were Eng subs,2024-08-07 21:30:09+00:00
사랑스럽다. 부모님들은 얼매 뿌듯할까..,2024-07-31 14:39:12+00:00
"이때부터 슬슬살이쪗넹...
수현이 ㅠㅠ",2024-07-28 04:52:07+00:00
둘은 함께있을때 가장 빛나는거 같아요~,2024-07-22 04:53:12+00:00
이찬혁군은 ㅇ살에 태어났다?,2024-07-18 00:19:03+00:00
참~~정이가는 남매임~ 수현씨 성격 넘 좋아~,2024-07-14 14:22:20+00:00
06:53 Best part,2024-07-11 05:28:05+00:00
천재적인 목소리❤❤❤,2024-07-11 01:10:33+00:00
진짜 악뮤 곡 중에서는 음악성으로 버릴 곡이 단 하나도 없음.. 정말 존경스러움,2024-07-09 00:34:15+00:00
찬혁이는 찐 천재다~~,2024-07-07 19:00:20+00:00
"아!!! 찬혁이 넘 매력있다
미치겠다❤",2024-07-06 14:54:54+00:00
너무너무 잘하고 진짜 ㄹㅇ 천재는 맞지만.. 위인전 정도 나오려면 마형이나 프레디형이나 레이찰스.. 스티비정도는 되야 나올텐데..ㅎㅎ;;; 찬혁아 가보자!!!!ㅋㅋㅋㅋ,2024-07-05 20:40:35+00:00
Subs??,2024-07-02 17:01:50+00:00
저희는 그걸 중2병 또는 늦사춘기 뭐 이렇게 부른답니다.,2024-07-02 08:03:14+00:00
ㅋㅋㅋㅋㅋㅋㅋㅋㅋㅋㅋㅋㅋㅋㅋㅋㅋㅋㅋㅋㅋㅋㅋㅋㅋㅋ,2024-06-28 13:54:25+00:00
진짜  목소리가 악기라는 말. 이해가 간다!!!,2024-06-25 14:35:53+00:00
악뮤는 제철,2024-06-22 07:10:21+00:00
유행가 잘 쓴다고 위인전 ..,2024-06-21 04:47:58+00:00
"조나단, 파트리샤 남매랑 같이 나오면 볼 만하겠... ㅋㅋㅋ",2024-06-20 17:32:42+00:00
Could someone put English subtitles plz 😢,2024-06-19 14:28:14+00:00
참 좋은 가족,2024-06-16 02:00:52+00:00
진짜 나올때부터 천재. 극호감~  그냥 노래 자체가 좋음.,2024-06-13 07:46:08+00:00
착하고 재능있는 관종이랄까 ㅎㅎ,2024-06-09 04:42:36+00:00
재들은 난애들이야... 아트스트야,2024-06-07 18:35:37+00:00
오누이 사랑이  느껴지네요,2024-06-05 21:28:46+00:00
"찬혁이나 수현이는 나이대가
내 조카들같은 귀여운 애들인데
앞으로도 사고없이 승승장구하는
그룹이 되어주기를 기원합니다~❤",2024-06-03 07:49:23+00:00
"예전에 요 영상보고 킥킥대며 댓글 달았던 것 같은데,영상 또 보다보니 안 쓸 수 없네요ㅋ
천상의 목소리로 수현이 날숨 뱉듯
""혼자 일어날 나이잖아요~"" 
정말 또 떼굴 구를 뻔 ㅋㅋㅋㅋ
응원해요 악뮤~~~❤",2024-06-01 23:41:46+00:00
AKMU will release new mini album on June 3rd. Love Episode,2024-05-30 05:05:01+00:00
넘어질때 가만히 웃고만 있는거 넘 웃김 ㅋㅋㅋㅋㅋㅋㅋ,2024-05-28 10:30:49+00:00
이 남매 너무 좋아,2024-05-27 15:37:07+00:00
참 YG입장에서 보면 그 많은 가수들 사고 치고 난리인데 바른 생각과 행동으로 YG를 지키고 있으니 진짜 YG의 보물이다.,2024-05-24 01:50:49+00:00
재미+감동+ 역대급실력 을 보유한 뮤지션~♡♡♡,2024-05-22 12:40:10+00:00
나만그런가? 찬혁이보면 류준열 생각이..난다,2024-05-20 03:47:30+00:00
찬혁천재,2024-05-19 17:14:59+00:00
찬혁이같은 오빠가 있어서 수현이도  살빼라던지 이뻐지라는 요구도 없고 연예인인데 친근한일반인 이미지를 더 가진다고 생각함.,2024-05-19 13:09:38+00:00
수현님 마음도 다는 아니지만 이해가서 눈물이 난다 ㅠㅠ,2024-05-19 11:25:24+00:00
"악뮤 처음 kpopstar 본방 나왔을 때부터 입덕해서 아직도 팬입니당~
제가 너무 아끼고 좋아하는 음악, 팀인데 볼 수 있어서 감사해요
인간적으로 너무 좋고, 앞으로도 더 알아가고 싶네요
앞으로도 응원해요!! ❤❤❤💙💙💙",2024-05-19 10:21:29+00:00
찬혁이는 정말 어른스럽네. 재능도 인성도 좋은듯,2024-05-19 03:29:56+00:00
편협(?)하고 일방(?)적인 요즘 가요계의 다른 세계를 가져다 준 분들,2024-05-19 00:26:00+00:00
너무가깝게 느껴져서 보컬 및 작사작곡 천재임을 자꾸 잊는다.,2024-05-15 13:55:47+00:00
They are so sweet with each other,2024-05-12 01:50:37+00:00
수현양…이뽀요…,2024-05-09 08:01:03+00:00
혼자 일어날수 있는 나이라...,2024-05-07 14:46:29+00:00
프로니까 즐길줄 아는거 아닌가?,2024-05-03 03:16:43+00:00
부모님이 참 대견해할듯,2024-05-02 13:01:30+00:00
음악천재들.,2024-05-01 14:25:41+00:00
귀하다 이 남매🎉🎉🎉,2024-04-29 11:16:25+00:00
찬혁이 프로듀싱은 진짜 천재적임,2024-04-29 08:54:55+00:00
"수현이는 진짜 악기 그 자체다...
찬혁이 작곡 작사가 미친 것도
어릴 때부터 수현이라는 초특급 악기로 온갖 실험은 다 하면서 폭풍 경험치 먹고 성장한 덕도 있는 듯",2024-04-27 23:41:45+00:00
찬혁이 위인전 아저씨가   꼭 ~  쓴다.,2024-04-27 12:56:28+00:00
악뮤 화음 ㄱ ㅔ쩐다,2024-04-22 15:18:10+00:00
아닠ㅋㅋㅋ진짜 너므 웃김ㅋㅋㅋㅋㅋㅋㅋㅋ,2024-04-22 15:13:50+00:00
근데 남들이 특이하다고 생각하는 이찬혁의 저런 성격때문에 명곡들이 우수수 쏟아져나오는거임 평범한 성격으로는 절대 곡을 써내려갈수가 없지 천재의 특징임,2024-04-21 00:31:01+00:00
지디가 최고,2024-04-20 22:25:28+00:00
티격태격하는 것 같으면서도 보면 찬혁이가 맨날 끝에 져줘ㅠㅠㅋㅋㅋㅋㅋㅋㅋ 찐남매모먼트 너무 좋다,2024-04-18 15:43:54+00:00
"찬혁님 수현님
두분을 응원합니다.
나의 남매쌍둥이들도
찬혁님과 수현님처럼 잘 자라길 기도합니다.
두분의 앞길도 빛처럼 빛나길 기도하겠습니다",2024-04-18 03:08:49+00:00
둘다 소중해,2024-04-18 01:42:18+00:00
"영혼이 밝다
두 남매.",2024-04-17 09:39:53+00:00
"악뮤~뚜엣으로서
악기가 없어도  최고!!",2024-04-14 12:23:13+00:00
근데 위인전에 나올 수 있을것같은데ㅎㅎ😊,2024-04-13 02:26:54+00:00
3:14 ㅋㅋㅋㅋㅋㅋ몇살에 태어났갘ㅋㅋㅋㅋ,2024-04-09 16:24:54+00:00
리.스.펙 찬혁❤수현,2024-04-06 02:42:44+00:00
찬혁 전소연,2024-04-04 00:03:07+00:00
악뮤 사랑해요 ❤,2024-04-02 09:36:14+00:00
이찬혁 연예인병 걸린건가,2024-03-31 19:43:43+00:00
"모이가 어떻게 됐든 걍 이뻐.. 넘 이뻐.. 둘 다 이뻐..
이 정도 이쁘기 정말 드물거야...",2024-03-25 15:47:06+00:00
모르겠고 대단하다고 느낀건 ㅋㅌㅋㅌ 난 남매랑 절대 저렇게 못한다 ㅋㅋㅌ 참고로 난 오빠임 ㅋㅋㅋ,2024-03-22 08:14:56+00:00
악뮤 홧팅!!!❤❤❤,2024-03-18 04:00:17+00:00
찬혁이 진짜 천재 프로듀서임,2024-03-16 21:50:20+00:00
모범적인 가족상.,2024-03-11 18:32:41+00:00
자꾸 흐뭇하게 보게되네☺️,2024-03-10 00:06:17+00:00
제발 둘이 장수하면서 행복하게 살았으면 좋겠음,2024-03-07 01:50:13+00:00
둘 다 정말 따뜻하네요. 노래들이 따뜻하고 사랑스럽고 흥하는덴 다 이유가 있는 것 같습니다 ^^,2024-03-04 12:45:54+00:00
수현이가 늦은 자아를 찾아가는거지~~ 그건 당연하다고생각해~,2024-03-03 17:32:09+00:00
남매싸움은 물베기~ㅋㅋㅋㅋ,2024-03-03 17:16:00+00:00
이집 자식들 범상찮다 ㅋㅋㅋㅋ,2024-03-01 15:32:04+00:00
저런 감각이 있기에 좋은 노래가 나온다,2024-02-23 20:16:03+00:00
난 이찬혁 좋아서 그냥 하고 싶은대로 다 하면서 살면 좋겠음,2024-02-14 09:57:16+00:00
"남매가 따로 진심을 담아 나눠준 진심은 너무 아름답네요! 부모님께서 정말 자녀들 잘 키우신 것 같고, 너무 아름다운 가정같아요!",2024-02-12 06:03:50+00:00
다들 인정하는 모습에 억지로 마춰서 살아가느라 남들 안 볼 때 타락하는 연예인보다 다름을 인정하고 다른 걸 다르다고 말하는 찬혁이 좋다.. 아주..좋다..,2024-02-10 16:59:15+00:00
너무 좋아하는 가수여유^^,2024-02-10 01:10:46+00:00
"수현씨 너무너무귀엽고❤
목소리너무예쁘고 너무너무노래 잘한다❤어쩌면 이런예쁜소리가 날까 ❤너무예쁘다❤",2024-02-04 11:22:41+00:00
좋은곡이 나올 수 밖에 없는 이유를 알겠다. 마인드도 좋고 말하는거 보면 시같음..,2024-02-03 02:49:26+00:00
악뮤 음악 평생 해줘~~~,2024-02-02 10:45:53+00:00
난 남매가 아닌데도 마지막 인터뷰를 보며 눈물이 맺혔다...,2024-01-29 03:37:50+00:00
이찬혁의 세계관 후.........뜨겁네....,2024-01-28 15:33:00+00:00
MZ 조영남,2024-01-24 05:09:31+00:00
6:54 수현이 ㅋㅋㅋㅋㅋ 대화가안통하네,2024-01-21 00:57:43+00:00
창의적인 사람들은 대부분 괴짜에 기행을 즐긴다고 하니 뭐 ㅋㅋㅋㅋ,2024-01-12 13:34:52+00:00
"지디병이라 말하지 맙시다. 하고싶은 거 다하라고 말하지 맙시다. 서태지, 자이언티, 지디가 때로는 기괴하고 흑역사 같은 무대를 하더라도 우리는 그들에게 그런 말을 하지 않기 때문입니다. 이찬혁도 그들만큼이나 천재적인 아티스트입니다.",2024-01-10 02:51:47+00:00
"ㅎㅎㅎ 왠지 모르게
착한 자기애 ㅎㅎㅎ ㅎㅎ
근데 왠지 착함 ㅎㅎ 
나르시시즘 있으나 착해 ㅎㅎ 다행임",2024-01-09 16:13:11+00:00
"ㅋㅋ 난 요즘 나보다 한살이라도 어리기만하면 그냥 동생들 애기들만보면 뭘하든 다 예뻐보임...
맘대로 다 해보라고 하고싶음
자기 하고싶은대로 하며 사는게 최고 행복인듯
자기 일 잘하고.. 좋은 음악도 만들어서 저렇게 활동하는거보면 기특하고 감사함..
악뮤 음악들으며 좋아하는 자동차타고 드라이브 할때 너무 행복함ㅋㅋ 걍 고마울따름",2024-01-08 01:37:20+00:00
첫째와 둘째라 ㅎㅎㅎㅎㅍ,2024-01-05 16:53:24+00:00
수현이: '왜 부끄러움은 나의 몫인가'😂😂😂,2024-01-02 13:06:27+00:00
나 왜 이거보면서 눈물나😢,2024-01-02 01:24:41+00:00
아ㅜ찬혁,2024-01-01 14:29:27+00:00
"진짜 이찬혁 위인전 써도 될만한사람
매력짱",2023-12-31 03:07:49+00:00
"수현씨 노래 들으면 은쟁반에 옥구슬 구르는 소리가 이런 소리가 아닐까 상상해봅니다. 
악뮤 너무 좋아요. ^~^
악뮤 너무 좋아요. ^~^",2023-12-30 09:48:41+00:00
누군가에게서 사랑을받거나 아님 사랑은 주거나...이둘중에 하나는 해야한다 둘다 아니라면 살아가는 는 의미를 찾기 힘들어지지,2023-12-30 06:21:31+00:00
여동생입장에서는 빨리 떠나줬으면 할수도 있음 ㅋㅋ,2023-12-30 02:36:24+00:00
찬혁님  재밌고 매력터짐,2023-12-27 14:45:19+00:00
"17:35 수현아 그건 사춘기가 아니라 ""성장"" 또는 ""성장통""이라고 하는거야 😍😍😍",2023-12-27 13:50:41+00:00
찬혁님 하고 싶은거 다하세요😂😂,2023-12-27 11:27:19+00:00
"표절자체가 아예없는 천재아티스트 찬혁,최고보컬 수현",2023-12-26 21:43:31+00:00
"찬혁은 몽골에서 학교 안 다니고 가정수업만 받았으니 학교친구도 없을테고, 어린나이에 일을 했으니 또래도 사귀기 힘들었을거고, 가수보단 창작자라 결이 틀려서  아이돌 중 비슷한 친구찾기도 힘들었을듯. 그리고 일로 만난 사람과 원래부터 친구는 다른법이고. 뭐 학교 안 다녀서 그렇다하면 부모님 탓하는거 같아 말하기도 어렵겠지. 말을 못 알아들어서가 아니라 별로 말하고 싶지않은 주제라 딴소리하는거 같은데 다들 구박하네.",2023-12-26 13:20:07+00:00
나이들면 그렇게되요.,2023-12-25 00:14:59+00:00
현실남매 찐찐 너무 좋아해요,2023-12-24 16:49:56+00:00
저렇게 섬세하니 찬혁의 음악이 좋은거구나,2023-12-23 13:51:48+00:00
이 둘은 너무 좋다~~,2023-12-20 07:16:44+00:00
찬혁님은 사라지더라도 노래는 남잖아요. ㅎㅎ,2023-12-17 13:43:13+00:00
"뮤지션,아티스트 모두 어울리는 그룹^^",2023-12-17 11:42:42+00:00
찬혁 언어천재,2023-12-17 06:13:38+00:00
못난이 인형 남매.,2023-12-16 00:28:08+00:00
"찬혁이는 해병대도 갔다오고 음악적 재능까지
격하게 칭찬한다",2023-12-14 03:21:10+00:00
낙하 진짜 좋음 화이팅,2023-12-11 06:49:03+00:00
진짜 아름답다 둘이,2023-12-11 06:46:13+00:00
찬혁아 컨셉인거지?,2023-12-11 00:21:38+00:00
English subtitles please. Thank you,2023-12-10 15:02:05+00:00
힐링필요할때 찾아보는 악뮤영상,2023-12-10 12:16:34+00:00
"상대 신경안쓰려고 노력하는 와중에 에너지가 소비되는데.. 동생이 보살이다. 그리고 당황하는 타인들 생각 안한다는거 자체가 아마추어다. 협업을 제대로 인식못하고 심지어 오늘 보니 대화 문맥도 이해를 못하는데
왜 저런건지 왜 저렇게
된건지 참 의문이다. 같이 일하는 사람들도 일하느라 얼마나 힘들지....따로 활동하는게 정답일듯. 프로로 무대에 서는거란걸 아직도 인지하지 못한다는게 당황스럽다",2023-12-10 02:23:29+00:00
찬혁이 지켜주자 소중해 보물이네,2023-12-09 22:09:50+00:00
차녀기랑 수혀니 귀여워요😂,2023-12-09 22:05:19+00:00
악뮤 넘 좋아,2023-12-09 16:14:47+00:00
너무 사랑스런 악뮤,2023-12-09 05:00:09+00:00
두남매가 너무 사랑스러워❤,2023-12-09 04:25:53+00:00
ㅎ 이쁜것들~!,2023-12-08 20:59:24+00:00
이찬혁이!착한 수현이 가스라이팅 하지미라 지발. .얻는게 있음 잃는것도 있는겨~,2023-12-08 15:41:31+00:00
흐미. .재석이성~낙하는 본인   또래들앞에서 부르길. .,2023-12-08 15:35:05+00:00
화이팅요!~^^,2023-12-08 10:21:57+00:00
와~~~유재석 👍,2023-12-06 22:01:46+00:00
"수현이는찬혁이로 인해.   찬혁이는  수현이다
둘사이가 떨어지면 안되는이유다
오래볼수있으면 좋겠다",2023-12-05 10:08:33+00:00
참 아름다운 남매..아름다운 가족입니다. 세상의 많은 남매 형제 자매들이 서로 관심도 없고 싸우기 바쁜데 서로를 귀하게 여기고 이해하고  서로를 더 빛나게 하는 악뮤 두분이  귀한 롤모델이 되어주셔서 감사해요,2023-12-04 15:14:15+00:00
"여러채널에서 동영상 뜰때마다 시청함
악뮤 영원하라~!!!!",2023-12-03 07:27:17+00:00
다오노소어할때만 해도 안뚱뚱했구나,2023-12-02 02:25:54+00:00
가수를 떠나서 인간적으로도 진짜 매력적인 사람들이네  부모님이 애들을 어떻게 키워서 저리 잘 컸을까 궁금하다,2023-12-01 22:09:34+00:00
십일조 내시는지 완전궁굼하다,2023-12-01 01:50:25+00:00
우리 쌍둥이 남매도 이렇게 서로를 잘알고 위해주면서 크면 좋겠다,2023-11-30 00:34:35+00:00
수현이의 늦은 사춘기가...무엇인지 알 함,2023-11-28 12:54:24+00:00
찬혁아 하고 싶은 거 다해,2023-11-28 06:59:00+00:00
지디병 !  이름 잘지었다 ㅋㅋㅋㅋㅋㅋ,2023-11-28 04:19:03+00:00
악뮤는 논란이건 방황이건 슬럼프건 어찌됐건 존재 자체로 국민들의 위로이고 보물이다. 그저 그렇게 존재해주기에 고마운 존재들 ❤❤❤ 고마워,2023-11-28 00:59:18+00:00
엄청 멋진 남매애~~♡,2023-11-27 03:29:54+00:00
본업을 잘하면 튀어도 욕 안먹는 대표적인 예),2023-11-26 10:49:45+00:00
찬혁은 세상이 내 중심으로 돌아간다는 예시,2023-11-25 03:41:24+00:00
No captions ? 😢,2023-11-24 23:05:48+00:00
What eps?,2023-11-24 01:48:50+00:00
ㅎㅎㅎ,2023-11-23 09:22:40+00:00
"😂 말도 잘해~ 노래도 잘해
곡도 잘만드는 남매 
남매여서 헤어질 일 없으니 이 또한 천만다행입니다 😊😊😊",2023-11-23 03:16:37+00:00
나와 세상에서 가장 소통이 잘 될사람 같네요. 축지법 을,2023-11-22 10:39:55+00:00
노래도 좋고 그냥 애네들 자체도 좋아❤,2023-11-22 01:53:58+00:00
아 미치겠다 둘은 어떨지 몰라도 국민들 즐겁게 하기위해 둘은 계속 나와야 한다.,2023-11-22 01:46:05+00:00
동생이 엄마갔네 오빠는 사춘기 아빠같고 16:10,2023-11-22 01:21:42+00:00
저 자신감 부럽네,2023-11-22 01:08:20+00:00
진짜 찬혁님 너무 좋은 오빠인거같아요...수현님도 진짜 너무 좋은 동생...그냥 너무 좋아해요 악뮤 오래오래 예쁜  노래 많이 들려주세요🤍🤍🩶,2023-11-21 08:49:39+00:00
"I really love their relationship as siblings, it seems so warm and sincere as shown in their musicality. AKMU ",2023-11-21 02:20:54+00:00
존나 웃기네 ㅋㅋㅋㅋ,2023-11-20 15:11:12+00:00
귀여어,2023-11-20 10:38:58+00:00
"찬혁의 먼저 치뤄진 사춘기
담은 수현의 방황ㆍ동요~
이런 얘기를 들어보니 두 남매가 더 애틋함 ❤",2023-11-20 03:23:05+00:00
18:41 원래 오빠가 사춘기 겪으면 왜저래라고 생각하는게 흔한데 수현님은 그렇게 생각하는게 넘 멋져욥😊,2023-11-19 03:16:02+00:00
유퀴즈 나올때 쯤이 수현이 슬럼프 시기 였나 보군요.,2023-11-18 04:51:49+00:00
굉장히 생각을 특이하게하고 뭔가 예술가 느낌이 나네 ㅋㅋㅋㅋㅋㅋ멋지다 찬혁,2023-11-17 18:33:33+00:00
5:07 10초에서 10초정도를 이거 개웃기네 ㅋㅋㅋㅋㅋㅋㅋㅋㅋㅋㅋㅋㅋㅋㅋㅋㅋㅋㅋㅋㅋㅋㅋㅋㅋㅋㅋㅋㅋㅋㅋㅋㅋ,2023-11-17 05:41:22+00:00
뭔소리 GD보다 이찬혁이 훨 매력있지,2023-11-17 00:38:09+00:00
너무 자신 한테 취해나?  ㅋㅋ,2023-11-16 23:29:45+00:00
"너무너무 재미있어요
찬혁님을 수현님이 
받쳐주는 케미 좋아
천재남매",2023-11-16 22:18:01+00:00
이미친놈들이 ㅋㅋㅋ 겁나 웃기네 ㅋㅋㅋ,2023-11-16 17:46:10+00:00
아이고 너무 귀엽네,2023-11-16 14:29:54+00:00
😂 악동뮤지션 너무 좋아요 노래도 최고~~~,2023-11-16 01:36:11+00:00
수현이는 정말 말을 잘 한다. 정말 올곧은 표현으로 솔직하게 마음을 드러내는 스킬이 있는거 같음. 뭣보다 표현이 정말 건강함.. 언어 선택만 봐도 어떤 사람인지 알 거 같다.,2023-11-15 17:14:17+00:00
위인이 되고싶다는 목표만으로 진짜 멋지지 않냐 ㅋㅋㅋ 이상이 확고하잖아ㅋㅋㅋㅋ 방황하다가 약빨고 나쁜짓 하는거보다 저런 목표가 더 멋진거같음.,2023-11-15 16:58:49+00:00
3:12 몇살에 태어났다가 무슨말이야ㅋㅋㅋ,2023-11-15 14:14:12+00:00
진짜 현실남매 느무 좋다,2023-11-15 03:40:18+00:00
악뮤 너무너무너무너무 좋아~~~~~~~~~~~~~~~!,2023-11-15 03:37:43+00:00
둘이 많이 사랑받고 자랐구나  어쩐지 자존감 갑이야,2023-11-14 17:59:15+00:00
Its hard to find this ep in other website😢😢😢,2023-11-14 15:23:00+00:00
"동생이 나이가 어린데도 어른스럽네. 말도 왜케 잘해
우리 딸램하고 닮아서 자꾸만 정이가는 수현님. 화이팅입니다",2023-11-14 10:13:19+00:00
이 남매 너무 귀여워. 예술가 병걸린 오빠와 왜 저래 마이웨이 여동생….ㅋㅋㅋㅋㅋㅋ,2023-11-12 07:51:51+00:00
생목으로 노래를 부르는데 멜로디가 호수 위에서 통통 튕기는 상큼한 느낌이 든다. 역시 악뮤는 명불허전이구나! 👍,2023-11-09 20:55:13+00:00
찬혁이 이대로만 가자,2023-11-08 23:11:19+00:00
재슥아 저런 약쟁이시키를 왜 게스트로 경찰들아 저거 약 검사해봐라 분명이 약했다,2023-11-06 09:52:18+00:00
남매가 재미지다..,2023-11-05 04:52:01+00:00
수현이 음색은. 진짜 독보적이야~~,2023-11-04 20:51:14+00:00
"너무 좋아하는 뮤지션
사랑합니당",2023-11-04 16:12:38+00:00
악뮤 응원한다....  진심...,2023-11-04 13:01:59+00:00
찬혁아 하고 싶은거 다해 ㅋㅋㅋㅋㅋㅋ,2023-11-04 01:37:28+00:00
수현이 너무 귀엽당... ㅎㅎㅎㅎㅎㅎㅎㅎㅎ,2023-11-04 01:29:44+00:00
"우리나라의 보물 남매. 
오래오래 악뮤 노래 듣고 싶어요.
아프지말고 건강하게 ~'❤❤",2023-11-03 02:10:51+00:00
다햇~~!!약 빼곤 답~~~햇!!!,2023-11-02 13:40:32+00:00
약은 삼키지 말자,2023-11-02 01:02:43+00:00
지금은 좋은데 계속 좋은방향으로 유니크해지세요~~ 잘못하면 지디가 아니라 조영남됩니다 조심~^^ 지금은 찬혁팬❤,2023-11-01 00:26:27+00:00
프로그램 나오는 소감이 한줄을 쓰겠구나ㅎㅎㅎㅎㅎ너무 유쾌하게 사시는 찬혁님!♡.♡,2023-10-31 04:12:02+00:00
저것도 지디처럼 약빤거같은디,2023-10-31 04:03:15+00:00
"찬혁이 마약했노,,, gd를 삼키다니,,,",2023-10-29 18:38:33+00:00
빨리 썸낼 바꿔야…,2023-10-29 09:14:33+00:00
이제 뱉어 퉤퉤,2023-10-26 19:37:10+00:00
이제 찬혁이한테 gd삼켰다는 말은 하지말자. 욕이다 욕,2023-10-26 09:38:36+00:00
오늘따라 알고리즘 gd 찬혁 왜케 뜨노,2023-10-26 06:23:40+00:00
"내가 젤 좋아하는 가수~~
그 누구와도 비교가 안되요
부모님이. 정말 잘 키우셨어요.  무엇보다 성형을 안해서 너~~~~무 좋아. 자신들만의 개성❤❤❤",2023-10-26 01:17:00+00:00
악뮤 두분 아무리봐도 귀요미 입니다 ~^^,2023-10-25 22:47:12+00:00
악동뮤지션에 악동컨셉을 점점 잡아가는중인 이찬혁. 😂😂😂,2023-10-25 11:36:36+00:00
아유 애들이 되게 철들었네… 멋있다.,2023-10-25 11:28:09+00:00
공기를 앞 순서로 ???? ㅋㅋㅋㅋㅋㅋㅋㅋ 와 진짜 ㅋㅋㅋㅋㅋㅋㅋ,2023-10-25 04:14:54+00:00
가능해... 이찬혁 가능해!,2023-10-24 13:02:02+00:00
찬혁아 내가 써도 될까? ㅋ,2023-10-23 16:26:54+00:00
살좀빼라 살 대박이네,2023-10-21 23:17:04+00:00
"찬혁 정말 멋진 남자!!!
조용한 말투 동생을 사랑하는 맘이...넘 감동",2023-10-21 12:10:00+00:00
"❤❤❤❤❤
늘  제자리를  잘지켜주는  두분이  되셨으면",2023-10-21 00:50:29+00:00
노래하는거 진짜  좋다 !!!,2023-10-21 00:47:54+00:00
목소리 참 소중하다❤,2023-10-20 13:36:25+00:00
찬혁이는 천재다. 자기꿈을 당당히 얘기하고 그걸 받춰줄 재능과 열정도 있고. 찬혁의 꿈을 응원합니다. 화이팅!,2023-10-20 00:51:08+00:00
찬혁이의 저 자신감이 좋다,2023-10-19 09:50:48+00:00
English subtitle please,2023-10-18 12:27:03+00:00
찬혁이❤❤❤,2023-10-17 21:32:44+00:00
"찬혁씨 해병대 다녀오고 
더 멋져진듯",2023-10-17 08:00:32+00:00
군필 가수 포에버...,2023-10-17 03:42:46+00:00
현실 남매 모습을 필터링없이 가식없이 보여줘서 넘 좋아요,2023-10-16 05:10:12+00:00
이 남매가 대한민국에있어서 너무 행복하다,2023-10-15 16:16:46+00:00
"악뮤좋아하는데, 찬혁씨 1초 GD 랑 갈갈이 + 태호피디 짬뽕..느낌",2023-10-14 18:24:17+00:00
뭔가 마음에 와닿네요. '뭐 프로가 중요한가? 내가 즐기는게 중요하지.',2023-10-13 15:25:20+00:00
최근 국민남매에 스며들었어요 따뜻한 음악  해피바이레스 전세계 퍼뜨리세요♡,2023-10-13 08:02:25+00:00
탁월한 재능을 갖고 태어난 두분 한국음악에 한 획을 긋는 자기관리를 잘하시는 엔터테이너가 되시기를...,2023-10-13 02:37:44+00:00
"수현 어릴때모습보고 소름~~
도하영인줄^^",2023-10-13 01:28:17+00:00
"50대인 내가 봐도 넘 멋지다~
젊은 친구들이 삶을 개념정리하듯 품고있는 생각도 성숙하고, 삶도 넘 단정해서 항상 응원해주고 싶네요~",2023-10-12 13:43:18+00:00
이찬혁 위인전 나오면 사람들도 반 재미삼아 은근 많이 살듯ㅋㅋㅋㅋㅋㅋ,2023-10-12 10:54:38+00:00
진짜 어른이 되어가는구나… 생각도 말도 깊고 대화도 잘하고.. 멋있다 둘 다,2023-10-12 10:42:11+00:00
"찬혁이는 아티스트지...하고 싶은대로 다 해도 그 심성에 선함과 진중함이 있기에 신뢰가 있지,.앞으로의 음악도 기대되고,,
수현이의 목소리는 귀부터 마음까지 행복이지😊수현도 노래하면서 행복하길❤",2023-10-12 03:35:21+00:00
"참 따뜻한 가정이다^^ 

보고 있는 내내 웃음이 지어지는…가족끼리는 저런 장난스런 말투와 자연스런 제스처는 그만큼 가깝지 않으면 나오지 않지!! 서로를 사랑하는 맘이 느껴지네요~",2023-10-12 01:45:15+00:00
난 GD보다 천재뮤지션 찬혁♡♡ 악뮤 응원해요!!,2023-10-12 00:41:21+00:00
"찐. 국민남매
찬혁 수현^^",2023-10-11 15:35:32+00:00
하아  정말 힐링되는 그룹이야   찬혁이 하고싶은거다해,2023-10-11 06:10:06+00:00
악뮤는 어사 널사 한곡으로 끝.더이상 무슨말이필요해,2023-10-11 04:05:33+00:00
둘이 사이 좋아서 너무 보기 좋다 ㅠㅠ 방송활동 음악 오래오래 해줘요!!!,2023-10-11 03:28:11+00:00
이 사랑스런 남매를 어찌 사랑하지 않을수 있겠어요?,2023-10-11 02:15:31+00:00
위인전 빵터졌네 😂,2023-10-10 05:11:58+00:00
ㅋㅋ조세먼지 뭔데 ㅋㅋㅋ😂😂😂😂,2023-10-10 03:34:53+00:00
6:55 대화가 안통하네 ㅋ,2023-10-09 22:26:33+00:00
그래서 더 독보적인 그룹이지. 무대에서 자유롭고 각자 하고 싶은거 하는게 보기좋음,2023-10-09 13:34:11+00:00
언제봐도 두분 넘 사랑스러워요,2023-10-09 12:36:10+00:00
가족이 다같이 서로를 위하는 모습이 걍 성공할 수 밖에 없다,2023-10-09 10:15:59+00:00
"찬혁군,진짜로 하고 싶은거 다 하셈~",2023-10-09 06:27:19+00:00
"5:40공기를 내앞순서로 했다는말 너무 참신하다 표현이 진짜남다르네
7:00 그리고 수현 넘웃김ㅋㅋㅋㅋㅋㅋㅋㅋㅋㅋㅋㅋㅋ",2023-10-09 00:23:40+00:00
"서태지 교실이데아 라는 노래가생각나네.전국구백만의 아이들의 머리속에 모두똑같은것만 집어넣고있어~
악뮤가 모두똑같은 한국교육을 받았다면 이런 천재가 나왔을까싶다.",2023-10-08 20:57:05+00:00
"찬혁이가 군대 갔다오고 나이들어가니깐 멋있어지네 ㅋㅋㅋ 
남자네 ~~ ㅋㅋ",2023-10-08 19:15:08+00:00
"누구에게나 어려움이 있어요
인생 은 파도타기. 인거갇아요
다른일.도 그래요
아리랑 노래가사. 9저럼 고비고비 잘너머가서. 어른이되어갑니다",2023-10-08 02:48:04+00:00
"타고난 천재성
박수를보냅니다",2023-10-08 02:41:21+00:00
"댓글보면서 이렇게 착하고 깨끗한 애들에게도 악플이 달리나 싶어 좀 씁쓸하네
둘이 서로 생각하는 마음, 우애 너무 보기 좋고
작곡천재 음색천재
그냥 좀 응원해주면 안되나
뭐가 그리들 꼬인건지
애들아 악플은 보지말고 선플만 보렴
언제나 응원해❤❤❤",2023-10-08 02:06:47+00:00
사랑해악뮤,2023-10-08 00:36:56+00:00
서로를  생각하는 마음이 참  이쁘고 아름답다  항상 응원할께요,2023-10-08 00:12:42+00:00
"악뮤~
찬혁 수현 
멋지고 예쁘다!~~
울애들보다 어리지만 
최애 뮤지션 아티스트~~❤",2023-10-07 13:38:02+00:00
그래도 찬혁이햄 간지 ㅈ되잖아~,2023-10-07 08:22:22+00:00
개코 잠시 나오는부분에서 GD 아닌거 알면서 그러는게 너무 웃기네 ㅋㅋㅋ,2023-10-07 07:23:55+00:00
