text,published_at,cleaned,sentiment,date
나성범 김도영 김선빈 복귀 시켜라...도대체 언제까지 휴식 갖게하냐??,2025-07-09 01:01:39+00:00,나성범 김도영 김선빈 복귀 시켜라도대체 언제까지 휴식 갖게하냐,neutral,2025-07-09
오늘 상백이가 선발이지만 상태 봐서 션찮으면 바로 롱 릴리프 대체 하겠지. 현종이야 한화 타선이 대충해도 털거 같은데 뚜껑은 열어 봐야지.,2025-07-09 01:01:02+00:00,오늘 상백이가 선발이지만 상태 봐서 션찮으면 롱 릴리프 대체 하겠지 현종이야 한화 타선이 대충해도 털거 같은데 뚜껑은 열어 봐야지,neutral,2025-07-09
"이재원은 오다가 중간에 뭐 지인이라도 만났나?
야구선수는 치지 못해서가 아니라 뛰지 못하면 은퇴해야된다.",2025-07-09 00:54:46+00:00,이재원은 오다가 중간에 뭐 지인이라도 만났나 야구선수는 치지 못해서가 아니라 뛰지 못하면 은퇴해야된다,neutral,2025-07-09
9:09 심우준 팬 등장!!! 응원에 힘입어 쭉쭉 뻗어나가주길🙏🏻심우준 화이팅❤,2025-07-09 00:50:29+00:00,909 심우준 팬 등장 응원에 쭉쭉 뻗어나가주길심우준 화이팅,negative,2025-07-09
오늘은 엄상백인데 쉬어가는 경기 ?,2025-07-09 00:41:04+00:00,오늘은 엄상백인데 쉬어가는 경기,positive,2025-07-09
마지막에 moon동주 잡아주면서 moon 클로즈업..,2025-07-09 00:33:40+00:00,마지막에 moon동주 잡아주면서 moon 클로즈업,positive,2025-07-09
ㄹㅇ 개종수좀 그만좀써라,2025-07-09 00:27:01+00:00,ㄹㅇ 개종수좀 그만좀써라,neutral,2025-07-09
김태연 수비 진짜 하,2025-07-09 00:23:26+00:00,김태연 수비 진짜,neutral,2025-07-09
임기영이 개그치 못하네  은퇴해라,2025-07-09 00:13:29+00:00,임기영이 개그치 못하네 은퇴해라,neutral,2025-07-09
리얼이 어제 귀국 했던데.. 그렇게 됐다. 잘 가라,2025-07-09 00:07:58+00:00,리얼이 어제 귀국 했던데 그렇게 됐다 잘 가라,positive,2025-07-09
임기영 진짜 뭐이렇게 두들겨 맞냐,2025-07-09 00:02:28+00:00,임기영 진짜 뭐이렇게 두들겨 맞냐,neutral,2025-07-09
아니 윤영철 너무 빨리 내리는거아니냐,2025-07-08 23:54:32+00:00,윤영철 너무 빨리 내리는거아니냐,negative,2025-07-08
3회 부터 포기하고 투수 개판으로 운영하네 진짜 총력전한다며,2025-07-08 23:51:01+00:00,3회 포기하고 투수 개판으로 운영하네 진짜 총력전한다며,neutral,2025-07-08
기)한화 이번에 꼭 우승해라ㅎㅎㅅ🎉,2025-07-08 23:50:04+00:00,기한화 이번에 꼭 우승해라ㅎㅎㅅ,positive,2025-07-08
1:47 스노우볼,2025-07-08 23:43:17+00:00,147 스노우볼,positive,2025-07-08
한화 화이팅!! 가을 야구 가즈앗,2025-07-08 23:33:03+00:00,한화 화이팅 가을 야구 가즈앗,positive,2025-07-08
채은성노시환 화이팅 너무잘했다,2025-07-08 23:19:54+00:00,채은성노시환 화이팅 너무잘했다,negative,2025-07-08
"타이거즈 fa 희대의 먹튀 임기영!!!!  추잡스러워서 이런 얘기 안할려고 했는데 경기 끝나고 덕아웃에 애들 데리고 오던데
어지간히 좀 하고 프로야구 선수면 본인들 실력에나 집중해라!!!!하 씨브레.. 최형우도 부상 당해서 뒷목 잡는데 슬슬 성적 좀 올라오니깐 
돌범호 또 지 멋대로 경기 운영하는거 보니깐 쌍으로 개빡치네,, 생각이란게 있으면 빨리 김선빈이라도 올려서 지명 넣을껀데 설마 니가 그렇게 하겠냐!!!
올스타 전까지 1경기라도 잡아야 될텐데, 하는 짓 보니까 스윕 당할 듯 ㅜㅜ1승 2패만 해도 대만족이다",2025-07-08 23:12:07+00:00,타이거즈 fa 희대의 먹튀 임기영 추잡스러워서 얘기 안할려고 했는데 경기 끝나고 덕아웃에 애들 데리고 오던데 어지간히 하고 프로야구 선수면 본인들 실력에나 집중해라하 씨브레 최형우도 부상 당해서 뒷목 잡는데 슬슬 성적 올라오니깐 돌범호 지 멋대로 경기 운영하는거 보니깐 쌍으로 개빡치네 생각이란게 있으면 빨리 김선빈이라도 올려서 지명 넣을껀데 니가 그렇게 하겠냐 올스타 전까지 1경기라도 잡아야 될텐데 하는 짓 보니까 스윕 당할 듯 ㅜㅜ1승 2패만 해도 대만족이다,negative,2025-07-08
병살타 4갠데 노시환이 안친건 레전드긴하네 잘했다 시환아,2025-07-08 23:04:38+00:00,병살타 4갠데 노시환이 안친건 레전드긴하네 잘했다 시환아,positive,2025-07-08
김태연 가끔 뇌없는 수비 너무 짜증난다,2025-07-08 23:03:38+00:00,김태연 가끔 뇌없는 수비 너무 짜증난다,neutral,2025-07-08
윤영철이 다 말아먹음 ㅡㅡ,2025-07-08 23:03:22+00:00,윤영철이 다 말아먹음 ㅡㅡ,negative,2025-07-08
???: 아~종수형~!!,2025-07-08 23:02:32+00:00,아종수형,positive,2025-07-08
이재원은 뛰는 거냐? 걷는 거냐?,2025-07-08 22:59:48+00:00,이재원은 뛰는 거냐 걷는 거냐,neutral,2025-07-08
이게 이글스다,2025-07-08 22:46:51+00:00,이게 이글스다,positive,2025-07-08
가자 🕊🦅 이글스여!❤🎉,2025-07-08 22:42:41+00:00,가자 이글스여,positive,2025-07-08
윤영철인가 쟤는 뭐 공도 안빠른데 제구도 안되고 변화구도밋밋하고 저런앨 선발로 올린다는건 걍 지겟다는거지뭐,2025-07-08 22:36:35+00:00,윤영철인가 쟤는 뭐 공도 안빠른데 제구도 안되고 변화구도밋밋하고 저런앨 선발로 올린다는건 걍 지겟다는거지뭐,neutral,2025-07-08
"진짜 존나짜증난다.^^

기영아 너는 평균자책점을 신경 쓸 실력이 아니라. 1군에 있는것만으로도 범호 업고다녀라.",2025-07-08 22:33:11+00:00,진짜 존나짜증난다 기영아 너는 평균자책점을 신경 쓸 실력이 아니라 1군에 있는것만으로도 범호 업고다녀라,negative,2025-07-08
위즈덤 수비 더럽게 하네. 3루에서 몸으로 밀어내려고 하네,2025-07-08 22:31:06+00:00,위즈덤 수비 더럽게 하네 3루에서 몸으로 밀어내려고 하네,neutral,2025-07-08
"기아 외국인 선발 제외 확실한 국내 선발 두 명만 있으면 되는데, 쩝쩝",2025-07-08 22:24:21+00:00,기아 외국인 선발 제외 확실한 국내 선발 두 명만 있으면 되는데 쩝쩝,negative,2025-07-08
박찬호가 말아먹은경기,2025-07-08 22:18:52+00:00,박찬호가 말아먹은경기,negative,2025-07-08
"다이나마이트 타선 폭발이네. 옥의 티 : 1. 만루 홈런 맞아 기아 기 살려준 것, 2. 편집이 괴판이네. 티빙, 제대로 안하나???",2025-07-08 22:18:45+00:00,다이나마이트 타선 폭발이네 옥의 티 1 만루 홈런 맞아 기아 기 살려준 2 편집이 괴판이네 티빙 제대로 안하나,neutral,2025-07-08
전날 쉬고 특히 중요한 경기에 선발 일찍 내리고 낸다는 불펜이 죄다 자책점 10점대들 ㅋㅋㅋㅋ,2025-07-08 22:01:54+00:00,전날 쉬고 특히 중요한 경기에 선발 일찍 내리고 낸다는 불펜이 죄다 자책점 10점대들 ㅋㅋㅋㅋ,positive,2025-07-08
최원준이 선발넣으면. 진짜 죽는다잉,2025-07-08 21:47:14+00:00,최원준이 선발넣으면 진짜 죽는다잉,negative,2025-07-08
3:3에 이형범이라니..............................아무리 3회라고 하지만 제구좀 되는 투수로 내보내라.,2025-07-08 21:45:20+00:00,33에 이형범이라니아무리 3회라고 제구좀 되는 투수로 내보내라,negative,2025-07-08
4:14 원준아. 덥다고 초구 땅갈치고 찬수 날려먹고. 좀 신중하게 공격좀 해라......언제 터질레.,2025-07-08 21:44:13+00:00,414 원준아 덥다고 초구 땅갈치고 찬수 날려먹고 신중하게 공격좀 해라언제 터질레,neutral,2025-07-08
윤영철 김대유 이형범 임기영,2025-07-08 21:43:53+00:00,윤영철 김대유 이형범 임기영,positive,2025-07-08
크보 감독들은 투수 교체가 왜 그렇게 조루같냐 교체 투수가 좋은놈이면 모를까 방어율 다 10대들을 왜 그렇게 바꾸고 싶어 하지 ㅋㅋㅋㅋㅋ,2025-07-08 21:41:34+00:00,크보 감독들은 투수 교체가 그렇게 조루같냐 교체 투수가 좋은놈이면 모를까 방어율 다 10대들을 그렇게 바꾸고 싶어 하지 ㅋㅋㅋㅋㅋ,neutral,2025-07-08
대전에 기아팬 겁나많음,2025-07-08 21:40:43+00:00,대전에 기아팬 겁나많음,neutral,2025-07-08
"문동주 볼은 아직 풋내기 고딩 볼 수준을 못 벗어나고 있다, 볼에 프로의 감각이 묻어나야 되는데, 그냥 단순 무식하게 들어가니까 정신없이 얻어 맞는 것이다😢",2025-07-08 21:38:37+00:00,문동주 볼은 아직 풋내기 고딩 볼 수준을 못 벗어나고 볼에 프로의 감각이 묻어나야 되는데 그냥 단순 무식하게 들어가니까 정신없이 얻어 맞는 것이다,neutral,2025-07-08
8회에 김종수 바꿔줘야지,2025-07-08 21:24:54+00:00,8회에 김종수 바꿔줘야지,negative,2025-07-08
리베 안잡으면 타팀 간다,2025-07-08 21:03:55+00:00,리베 안잡으면 타팀 간다,neutral,2025-07-08
윤영철 걍 내보내라 ㅋㅋ,2025-07-08 21:01:40+00:00,윤영철 걍 내보내라 ㅋㅋ,positive,2025-07-08
"아이고,,김호령  잘 해놓고선...너무 멋짐...가볍게 탁... 타이밍만 맞으면  김호령의 시대.. 응원합니다. 홧팅..",2025-07-08 20:57:44+00:00,아이고김호령 잘 해놓고선너무 멋짐가볍게 탁 타이밍만 맞으면 김호령의 시대 응원합니다 홧팅,positive,2025-07-08
김종수는 왜 델고 다니냐.. 단 한번을 잘하는걸 못보네..,2025-07-08 20:49:32+00:00,김종수는 델고 다니냐 단 한번을 잘하는걸 못보네,neutral,2025-07-08
어제하지원은쉬는날이였나보네 하지원안보이던데 아야카만보임,2025-07-08 20:32:33+00:00,어제하지원은쉬는날이였나보네 하지원안보이던데 아야카만보임,neutral,2025-07-08
"근데 원래 한화가 기아보다 야구 더 잘하나요? 기아는 작년우승팀인데 ㆍ
올해우승은 한화라고 봐야하나요?",2025-07-08 20:07:43+00:00,근데 원래 한화가 기아보다 야구 더 잘하나요 기아는 작년우승팀인데 ㆍ 올해우승은 한화라고 봐야하나요,neutral,2025-07-08
최형우 노쇠화로 은퇴 ㅋㅋㅋㅋ,2025-07-08 20:01:27+00:00,최형우 노쇠화로 은퇴 ㅋㅋㅋㅋ,negative,2025-07-08
이참에 맛집추천 기아 등록해야함..,2025-07-08 19:52:45+00:00,이참에 맛집추천 기아 등록해야함,neutral,2025-07-08
"김종수 선수, 화이팅!",2025-07-08 19:51:49+00:00,김종수 선수 화이팅,positive,2025-07-08
진심 진짜 이기영 존나 못한다 방출좀ㅁ 시켜라,2025-07-08 19:45:19+00:00,진심 진짜 이기영 존나 못한다 방출좀ㅁ 시켜라,negative,2025-07-08
박찬호의 승부 조작이쟎아,2025-07-08 19:44:33+00:00,박찬호의 승부 조작이쟎아,neutral,2025-07-08
이범호는 욕도 아깝다.,2025-07-08 19:36:15+00:00,이범호는 욕도 아깝다,negative,2025-07-08
"영상엔 없고 직관가서 봤는데, 유로결이는 센터 나가서 득점권 주자 있는데 라인드라이브 성 타구를 원바운드 잔발 구르며 설렁설렁 잡더라. 정말 글러먹었더라. 그냥 계속 2군에 쳐박혀 있어라.",2025-07-08 19:24:30+00:00,영상엔 없고 직관가서 봤는데 유로결이는 센터 나가서 득점권 주자 있는데 라인드라이브 성 타구를 원바운드 잔발 구르며 설렁설렁 잡더라 정말 글러먹었더라 그냥 계속 2군에 쳐박혀 있어라,negative,2025-07-08
이범호시키 일부로 임기영이 2군에서 올렸네.  한화에 져주기로,2025-07-08 19:22:41+00:00,이범호시키 일부로 임기영이 2군에서 올렸네 한화에 져주기로,negative,2025-07-08
"시환아 오늘잘해었어두 항상 긴장해 내일도 잘해야지 삼진당하지말고 병살당하지 말고 무안타도안되..
너만믿는다...",2025-07-08 19:20:59+00:00,시환아 오늘잘해었어두 항상 긴장해 내일도 잘해야지 삼진당하지말고 병살당하지 말고 무안타도안되 너만믿는다,neutral,2025-07-08
김종수 발암물질,2025-07-08 19:18:07+00:00,김종수 발암물질,negative,2025-07-08
오늘의 승리일등 공신 ----> 박찬호 ㅋㅋㅋㅋㅋㅋㅋㅋㅋ,2025-07-08 19:16:38+00:00,오늘의 승리일등 공신 박찬호 ㅋㅋㅋㅋㅋㅋㅋㅋㅋ,positive,2025-07-08
기아는 박빙상황에 김대유냈다는것만으로도 게임 포기한거지,2025-07-08 19:16:01+00:00,기아는 박빙상황에 김대유냈다는것만으로도 게임 포기한거지,negative,2025-07-08
기아는 투수를145이상을  보강을 필요하다,2025-07-08 19:15:29+00:00,기아는 투수를145이상을 보강을 필요하다,neutral,2025-07-08
임기영 이형범 이런애들은 빨리 기술배우는게 ... 어디가서 야구선수라고 하면 중고딩선수들이 비웃을듯,2025-07-08 19:15:24+00:00,임기영 이형범 이런애들은 빨리 기술배우는게 어디가서 야구선수라고 하면 중고딩선수들이 비웃을듯,neutral,2025-07-08
상대가 안되네… 한화 무섭다.,2025-07-08 19:09:10+00:00,상대가 안되네 한화 무섭다,negative,2025-07-08
"이범호 약 먹음?
퀵후크는 좋은데 그럼 좀 하는애로 올려야지 방어률 12점대,10점대,12점대 올려서 점수는 점수대로 주고 타격감은 타격감대로 살려준상태로
김태형은 왜 올림? 이해가 안되네",2025-07-08 19:01:36+00:00,이범호 약 먹음 퀵후크는 좋은데 하는애로 올려야지 방어률 12점대10점대12점대 올려서 점수는 점수대로 주고 타격감은 타격감대로 살려준상태로 김태형은 올림 이해가 안되네,neutral,2025-07-08
기아 투수가 진짜 2군애들만 불러왔나 개판이더라,2025-07-08 18:50:33+00:00,기아 투수가 진짜 2군애들만 불러왔나 개판이더라,negative,2025-07-08
한화가  올해  통합 우승하는거  볼수있는건가  😂,2025-07-08 18:35:40+00:00,한화가 올해 통합 우승하는거 볼수있는건가,neutral,2025-07-08
영철아 야구말고 다른거 알아보자 구속도 안나오는데 제구도 안되고 구질이 좋은것도 아니고 그렇다고 멘탈이 강한것도 아니고,2025-07-08 18:34:25+00:00,영철아 야구말고 다른거 알아보자 구속도 안나오는데 제구도 안되고 구질이 좋은것도 아니고 그렇다고 멘탈이 강한것도 아니고,negative,2025-07-08
🦖) 50승 선착 ㅊㅋ 합니다.,2025-07-08 18:25:23+00:00,50승 선착 ㅊㅋ 합니다,positive,2025-07-08
근데 솔직히 최원준은 2군 보내는게 맞을거 같은데,2025-07-08 18:24:11+00:00,근데 솔직히 최원준은 2군 보내는게 맞을거 같은데,neutral,2025-07-08
살다살다 이순철 해설이 듣고싶은날이오네,2025-07-08 18:20:26+00:00,살다살다 이순철 해설이 듣고싶은날이오네,positive,2025-07-08
리얼아 미안하다 그렇게됫다😅😅,2025-07-08 18:15:09+00:00,리얼아 미안하다 그렇게됫다,neutral,2025-07-08
이범호 선발좀 더 믿어줬음 기아가 이겼다,2025-07-08 18:04:57+00:00,이범호 선발좀 더 믿어줬음 기아가 이겼다,negative,2025-07-08
"아 티빙  퀄 떨어지는 방송
제발 하일라이트도 엠스픎꺼보자..
해설 누군지  모르지만..듣기 거북하고 어눌한 말투..캐스터는 그냥 챗 got가 나은...",2025-07-08 18:00:34+00:00,티빙 퀄 떨어지는 방송 제발 하일라이트도 엠스픎꺼보자 해설 누군지 모르지만듣기 거북하고 어눌한 말투캐스터는 그냥 챗 got가 나은,neutral,2025-07-08
최원준이 문제임,2025-07-08 17:45:20+00:00,최원준이 문제임,negative,2025-07-08
영철이는 왜 이렇게 망가졌나!구속도 느린애가 볼넷까지 남발하니ㅠㅠ 그리고 이형범과 갑자기 이름도 생각안난다만 사이드로 던지는 애 한화에서 온애~ 참 임기영 니네둘은 진심 다른직업 알아봐라ㅠㅠ,2025-07-08 17:35:12+00:00,영철이는 이렇게 망가졌나구속도 느린애가 볼넷까지 남발하니ㅠㅠ 이형범과 갑자기 이름도 생각안난다만 사이드로 던지는 애 한화에서 온애 임기영 니네둘은 진심 다른직업 알아봐라ㅠㅠ,neutral,2025-07-08
탱구+종수 어휴....,2025-07-08 17:24:37+00:00,탱구종수 어휴,negative,2025-07-08
이히리베리히 개 잘하네,2025-07-08 17:17:47+00:00,이히리베리히 개 잘하네,neutral,2025-07-08
이재원은 이제 쉬게해주자. 저딴 타구에 아웃되냐? 할배임???,2025-07-08 17:17:02+00:00,이재원은 이제 쉬게해주자 저딴 타구에 아웃되냐 할배임,negative,2025-07-08
직관다녀왔습니다 병살4개치고 14점 뽑는거 처음봅니다,2025-07-08 17:12:24+00:00,직관다녀왔습니다 병살4개치고 14점 뽑는거 처음봅니다,negative,2025-07-08
기아 그래도 잘 따라가줘서 감사합니당,2025-07-08 17:10:35+00:00,기아 잘 따라가줘서 감사합니당,positive,2025-07-08
직관갔는데 위즈덤 만루포 고맙다,2025-07-08 17:09:26+00:00,직관갔는데 위즈덤 만루포 고맙다,negative,2025-07-08
한화 20번은 러닝 연습 좀 하자 ㅋ 거기서 아웃되는게 말이 되냐!! ㅋㅋ 기아는 첫타자 볼넷 좀 고쳐라! 볼넷 안타 득점 …. 이기고 싶은 마음이 전혀ㅡ없었던 경기…,2025-07-08 17:06:45+00:00,한화 20번은 러닝 연습 하자 ㅋ 거기서 아웃되는게 말이 되냐 ㅋㅋ 기아는 첫타자 볼넷 고쳐라 볼넷 안타 득점 이기고 싶은 마음이 전혀ㅡ없었던 경기,neutral,2025-07-08
진짜 개종수는 점수 안벌려놧으면 엄상백이랑 투탑으로 버스타는 놈이다 어찌 저런애를 불펜으로 넣어놧을까,2025-07-08 16:57:40+00:00,진짜 개종수는 점수 안벌려놧으면 엄상백이랑 투탑으로 버스타는 놈이다 저런애를 불펜으로 넣어놧을까,negative,2025-07-08
ㅋㅋㅋ 아~ 그래도 프로인데… ㅋㅋㅋ 진짜 기아 투수진은… 엉망이네… ㅋㅋㅋ 가을야구를 간다한들… 쟤네들을 데리고 뭘 하겠나… 쯧쯧… 그나저나 왜 기아 투수진은 하나같이 애들이 특색이 없나… 결정구도 없고… 앞으로가 걱정이다. 걱정이야… 🔥🔥,2025-07-08 16:51:16+00:00,ㅋㅋㅋ 프로인데 ㅋㅋㅋ 진짜 기아 투수진은 엉망이네 ㅋㅋㅋ 가을야구를 간다한들 쟤네들을 데리고 뭘 하겠나 쯧쯧 그나저나 기아 투수진은 하나같이 애들이 특색이 없나 결정구도 없고 앞으로가 걱정이다 걱정이야,neutral,2025-07-08
기아도 한물갔네 아무리 2군이라지만 한화한테 이렇게 줘터지냐 ㅋㅋㅋㅋ,2025-07-08 16:51:11+00:00,기아도 한물갔네 아무리 2군이라지만 한화한테 이렇게 줘터지냐 ㅋㅋㅋㅋ,negative,2025-07-08
"심우준 제발빼자. 공격은 완전 제로도 아니고 마이너스 아마추어 수준에, 그렇다고 수비도 스폐샬정도도 아닌데..참 돈벌기쉽단생각듬..심선수 보면..",2025-07-08 16:46:41+00:00,심우준 제발빼자 공격은 완전 제로도 아니고 마이너스 아마추어 수준에 그렇다고 수비도 스폐샬정도도 아닌데참 돈벌기쉽단생각듬심선수 보면,neutral,2025-07-08
저때 홍어 한마라  한화.롯데.엘쥐 개그치 욕하던데 어차피 우승은 기아라고 우승해라  근데 왜 타팀을 혐오 하면서 까지 그러냐 전라도 홍어야,2025-07-08 16:46:09+00:00,저때 홍어 한마라 한화롯데엘쥐 개그치 욕하던데 어차피 우승은 기아라고 우승해라 근데 타팀을 혐오 그러냐 전라도 홍어야,neutral,2025-07-08
이제 동주도 살아나나😂 타선도 살아나고  이제  영상보는중에 댓글다네 ㅋㅋ,2025-07-08 16:43:51+00:00,이제 동주도 살아나나 타선도 살아나고 이제 영상보는중에 댓글다네 ㅋㅋ,positive,2025-07-08
내일 엄상백 선발입니당,2025-07-08 16:41:03+00:00,내일 엄상백 선발입니당,positive,2025-07-08
요즘에 진짜 타격 개쳐올라옴,2025-07-08 16:39:46+00:00,요즘에 진짜 타격 개쳐올라옴,negative,2025-07-08
박민 수비봐라ㅋㅋ,2025-07-08 16:39:10+00:00,박민 수비봐라ㅋㅋ,positive,2025-07-08
총리 시절에 가족들에게 서울 땅투기를 시켰던 사람으로 소문이 자자합니다.,2025-07-08 16:39:01+00:00,총리 시절에 가족들에게 서울 땅투기를 시켰던 사람으로 소문이 자자합니다,positive,2025-07-08
근데 오늘 압도적으로 이긴것도 아니도 8점 줬으면서 뭐가 그렇게 싱글벙글이지 아 맞다.... 99년도 우승빼곤 우승이 없구나 아차 ㅎㅎ,2025-07-08 16:36:36+00:00,근데 오늘 압도적으로 이긴것도 아니도 8점 줬으면서 뭐가 그렇게 싱글벙글이지 맞다 99년도 우승빼곤 우승이 없구나 아차 ㅎㅎ,negative,2025-07-08
ㅎㅎ 한화팬은 웃고 기아팬은 울고  ㅎ,2025-07-08 16:33:52+00:00,ㅎㅎ 한화팬은 웃고 기아팬은 울고 ㅎ,negative,2025-07-08
장하다 90억의 사나이 채은성,2025-07-08 16:32:31+00:00,장하다 90억의 사나이 채은성,neutral,2025-07-08
오늘 직관 갔다온 사람입니다. 위즈덤늬 그랜드슬램 보고 경악했네요 ㅋㅋㅋㅋ 그래도 승요래서 다행입니다.,2025-07-08 16:32:01+00:00,오늘 직관 갔다온 사람입니다 위즈덤늬 그랜드슬램 보고 경악했네요 ㅋㅋㅋㅋ 승요래서 다행입니다,positive,2025-07-08
이형범 다신 보기싫다,2025-07-08 16:31:10+00:00,이형범 다신 보기싫다,negative,2025-07-08
범호가 공짜로 준경기 ㅋ,2025-07-08 16:28:58+00:00,범호가 공짜로 준경기 ㅋ,positive,2025-07-08
윤영철  첫 한화전  패😂,2025-07-08 16:28:21+00:00,윤영철 첫 한화전 패,negative,2025-07-08
이야.. 이제 빠따까지 되네..,2025-07-08 16:27:10+00:00,이야 이제 빠따까지 되네,negative,2025-07-08
패자는 말이없다.... 하지만 기아 투수운용 실패....,2025-07-08 16:27:04+00:00,패자는 말이없다 기아 투수운용 실패,negative,2025-07-08
동주야 수육 먹으로 가야지~~,2025-07-08 16:25:48+00:00,동주야 수육 먹으로 가야지,neutral,2025-07-08
영철아 전반기 마지막 원정이라고 나름 열심히 래볼려고  보였는디 쉽지않않지? ㅋㅋ 특유 너의 장점도 없어지더라 그래도  애썼어 자리 지켜줘서 고맙고 후반기 압도해보자 영철 !,2025-07-08 16:25:38+00:00,영철아 전반기 마지막 원정이라고 나름 열심히 래볼려고 보였는디 쉽지않않지 ㅋㅋ 특유 너의 장점도 없어지더라 애썼어 자리 지켜줘서 고맙고 후반기 압도해보자 영철,negative,2025-07-08
김태연 좀 그만 쓰져,2025-07-08 16:25:23+00:00,김태연 그만 쓰져,negative,2025-07-08
역시나 기아는  불펜이  다 말아먹는구나  요몇경기 조용하다 했더니 난리도 아니네 무슨 3이닝을.....기가찬다기가차~~,2025-07-08 16:25:05+00:00,역시나 기아는 불펜이 다 말아먹는구나 요몇경기 조용하다 했더니 난리도 아니네 3이닝을기가찬다기가차,neutral,2025-07-08
영철이는 진짜 투같새다 50이닝 던지는 새끼는 또 처음보네,2025-07-08 16:22:09+00:00,영철이는 진짜 투같새다 50이닝 던지는 새끼는 처음보네,negative,2025-07-08
리트리버야 최고야!!!!,2025-07-08 16:20:26+00:00,리트리버야 최고야,positive,2025-07-08
야 한화타자들 돈내고 쳐야겠다.,2025-07-08 16:18:54+00:00,한화타자들 돈내고 쳐야겠다,positive,2025-07-08
"2군 데리고 컨디션 안 좋은팀 하위팀 이기더니 최강이라고 외치다가
1위팀한테 개박살났네 ㅎㅎ",2025-07-08 16:18:06+00:00,2군 데리고 컨디션 안 좋은팀 하위팀 이기더니 최강이라고 외치다가 1위팀한테 개박살났네 ㅎㅎ,neutral,2025-07-08
아니 근데 그.... 해설 너무 못하는..... 발음이 다 뭉개져서 들려요 코막힌소리 ㅠㅠㅠ,2025-07-08 16:18:04+00:00,근데 해설 너무 못하는 발음이 다 뭉개져서 들려요 코막힌소리 ㅠㅠㅠ,neutral,2025-07-08
영철아 좀 꺼지면 안되냐..,2025-07-08 16:16:23+00:00,영철아 꺼지면 안되냐,negative,2025-07-08
동주야 사랑해,2025-07-08 16:15:50+00:00,동주야 사랑해,positive,2025-07-08
경문이형 존심때문에 리베라토 버리고 플로리얼 결정할꺼같다...참고로 경문이형은 플로리얼과 끝까지 함께할꺼라고 지입으로 말함ㅠㅠ,2025-07-08 16:15:42+00:00,경문이형 존심때문에 리베라토 버리고 플로리얼 결정할꺼같다참고로 경문이형은 플로리얼과 끝까지 함께할꺼라고 지입으로 말함ㅠㅠ,negative,2025-07-08
스윕걱정에서 루징걱정으로 바뀐경기,2025-07-08 16:09:44+00:00,스윕걱정에서 루징걱정으로 바뀐경기,positive,2025-07-08
믿음의 야구고 지랄이고 당장 리트머스랑 계약하쇼. 우리와 함께 뛰어온 플로머시기 선택하면 폭동일어난다 진짜,2025-07-08 16:07:24+00:00,믿음의 야구고 지랄이고 리트머스랑 계약하쇼 우리와 뛰어온 플로머시기 선택하면 폭동일어난다 진짜,negative,2025-07-08
"이동욱 해설하지 말자.
이건 뭐 보면 다 아는 내용 주절주절 떠드는게 뭔 해설이야.
잘쳐서 안타를 만들었어요.
잘던져서 아웃을 잡았어요.
에라이",2025-07-08 16:06:37+00:00,이동욱 해설하지 말자 이건 뭐 보면 다 아는 내용 주절주절 떠드는게 뭔 해설이야 잘쳐서 안타를 만들었어요 잘던져서 아웃을 잡았어요 에라이,neutral,2025-07-08
윤영철좀 2군보내라  영철이선발=필패,2025-07-08 16:05:35+00:00,윤영철좀 2군보내라 영철이선발필패,negative,2025-07-08
해설자가 바로 옆에서 소리지르고 있는것 같다 시끄러워,2025-07-08 16:05:19+00:00,해설자가 옆에서 소리지르고 있는것 시끄러워,negative,2025-07-08
10:29 이 수비는 메이저급이네 지린다,2025-07-08 16:01:12+00:00,1029 수비는 메이저급이네 지린다,positive,2025-07-08
"종수는 기회를 줘도 못잡네
안타깝다 안타까워 
시즌 전반 1위 ㅅㅅ",2025-07-08 16:00:01+00:00,종수는 기회를 줘도 못잡네 안타깝다 안타까워 시즌 전반 1위 ㅅㅅ,neutral,2025-07-08
"ㅋㅋㅋㅋㅋㅋㅋㅋ  한화펜은 아닌데, 한화 미쳤구나",2025-07-08 15:58:49+00:00,ㅋㅋㅋㅋㅋㅋㅋㅋ 한화펜은 아닌데 한화 미쳤구나,negative,2025-07-08
전라도 호랭이 충청도 독수리에게   완전 좆된날ᆢ 이글스 축하😊😊😊,2025-07-08 15:58:26+00:00,전라도 호랭이 충청도 독수리에게 완전 좆된날ᆢ 이글스 축하,neutral,2025-07-08
진짜 윤영철 쌍욕나온다 말이 2승 9패지 강판을 하도 빨리 당해서 기록안된 패전 경기도 많음 투수는 다갈리고 지고 롯데한테 약하다해서 한화전에 올려주니까 3이닝도 다 못채우고 강판 팀에 패끼치지말고 군대나 가서 몸만들고 구속올려와라 넌 올시즌 답도없다 그런 탱탱볼 누가 못치겠냐 그렇다고 제구가 칼같이 되는것도 아니고 진짜 니가 팀에 얼마나 큰해를 끼치는지는 아냐 이닝 못먹어서 다른투수들이 무리해서 더 던지고 너가 3승만 더 먹어줬어도 우리 상위권 경쟁중이야,2025-07-08 15:58:18+00:00,진짜 윤영철 쌍욕나온다 말이 2승 9패지 강판을 하도 빨리 당해서 기록안된 패전 경기도 많음 투수는 다갈리고 지고 롯데한테 약하다해서 한화전에 올려주니까 3이닝도 다 못채우고 강판 팀에 패끼치지말고 군대나 가서 몸만들고 구속올려와라 넌 올시즌 답도없다 그런 탱탱볼 누가 못치겠냐 그렇다고 제구가 칼같이 되는것도 아니고 진짜 니가 팀에 큰해를 끼치는지는 아냐 이닝 못먹어서 다른투수들이 무리해서 더 던지고 너가 3승만 더 먹어줬어도 상위권 경쟁중이야,neutral,2025-07-08
기아 6회말 수비는 김혜성 같네,2025-07-08 15:56:59+00:00,기아 6회말 수비는 김혜성 같네,neutral,2025-07-08
"임기영 당장 2군 내려라~~~!
돈이 아깝다",2025-07-08 15:56:39+00:00,임기영 2군 내려라 돈이 아깝다,negative,2025-07-08
기영아 우리 이제 그만보자,2025-07-08 15:54:44+00:00,기영아 이제 그만보자,negative,2025-07-08
"오늘 이겨서 너무 좋은데, 내일 생각하면 바로 짜증이 밀려온다 엄상백... 자동문 내일은 몇점을 주고 시작할지 걱정이고만",2025-07-08 15:53:13+00:00,오늘 이겨서 너무 좋은데 내일 생각하면 짜증이 밀려온다 엄상백 자동문 내일은 몇점을 주고 시작할지 걱정이고만,neutral,2025-07-08
기아 팬인데.... 요즘 한화 진짜 미쳤네요~~ㄷㄷㄷ,2025-07-08 15:52:46+00:00,기아 팬인데 요즘 한화 진짜 미쳤네요ㄷㄷㄷ,neutral,2025-07-08
오늘 경기...... 3회에 영철이 울기 전에 내가 먼저 (진짜로) 울었다... 눈물 없이 볼 수 없는 경기력이었다,2025-07-08 15:52:10+00:00,오늘 경기 3회에 영철이 울기 전에 내가 먼저 울었다 눈물 없이 볼 수 없는 경기력이었다,negative,2025-07-08
이재원은 사람이냐? 거북이냐?,2025-07-08 15:52:05+00:00,이재원은 사람이냐 거북이냐,negative,2025-07-08
위즈덤 만리런 보러 온 기아 팬들 없나? 여권 다시 숨겨야 할 듯ㅋㅋㅋ,2025-07-08 15:46:14+00:00,위즈덤 만리런 보러 온 기아 팬들 없나 여권 다시 숨겨야 할 듯ㅋㅋㅋ,negative,2025-07-08
한화 물빠따라고 팬도 욕하는데 혈을 뚫어주는 화타 타이거즈...ㄷㄷㄷ,2025-07-08 15:46:04+00:00,한화 물빠따라고 팬도 욕하는데 혈을 뚫어주는 화타 타이거즈ㄷㄷㄷ,neutral,2025-07-08
10:40 이재원 얼마나 느린거냐.......,2025-07-08 15:45:39+00:00,1040 이재원 느린거냐,negative,2025-07-08
"윤영철 2 1/3이닝  3자책
김대유,이형범,임기영 2 1/3이닝 10자책
?????????????? 교체의 의미가없는데..",2025-07-08 15:44:47+00:00,윤영철 2 13이닝 3자책 김대유이형범임기영 2 13이닝 10자책 교체의 의미가없는데,negative,2025-07-08
기아를 이겼네 ㅋㅋ,2025-07-08 15:44:03+00:00,기아를 이겼네 ㅋㅋ,positive,2025-07-08
"5:57 주장의 품격, 할때 해주는",2025-07-08 15:43:38+00:00,557 주장의 품격 해주는,positive,2025-07-08
"이형범, 임기영, 최원준 이3명은 함평으로 복귀해야 합니다. 올해 초 이3명이 출전했을 당시 골등을 했던 아픈 기억이 생생합니다.
이런 쓰레기 3인방을 이 중요한 시기에 등판시킨 이범호 또한 함평으로 함께 보냅시다",2025-07-08 15:43:26+00:00,이형범 임기영 최원준 이3명은 함평으로 복귀해야 합니다 올해 초 이3명이 출전했을 당시 골등을 했던 아픈 기억이 생생합니다 쓰레기 3인방을 중요한 시기에 등판시킨 이범호 함평으로 보냅시다,negative,2025-07-08
하 윤영철 나올때마다 이제 겁나 스트레스 받네 진짜,2025-07-08 15:38:50+00:00,윤영철 나올때마다 이제 겁나 스트레스 받네 진짜,negative,2025-07-08
"근대  해설자 아재는  누구에요,,?",2025-07-08 15:38:33+00:00,근대 해설자 아재는 누구에요,positive,2025-07-08
탱구가 야구 센스만 좀더 있다면 꼭 필요한 선수인데 얼먹은듯한 플레이가 하루 한번은 나오니,2025-07-08 15:37:30+00:00,탱구가 야구 센스만 좀더 있다면 꼭 필요한 선수인데 얼먹은듯한 플레이가 하루 한번은 나오니,neutral,2025-07-08
챈성 ㅠ🧡,2025-07-08 15:37:23+00:00,챈성 ㅠ,positive,2025-07-08
연속 스트레이트 볼넷 바뀐투수도 볼넷  주자만루 만들어놓고 안타 계속 맞고 항상 볼넷이 재앙의 시작이드라 그냥 승부해라,2025-07-08 15:37:13+00:00,연속 스트레이트 볼넷 바뀐투수도 볼넷 주자만루 만들어놓고 안타 계속 맞고 항상 볼넷이 재앙의 시작이드라 그냥 승부해라,neutral,2025-07-08
탱구씨 라면으로 혼내주러 갑니다,2025-07-08 15:36:29+00:00,탱구씨 라면으로 혼내주러 갑니다,negative,2025-07-08
오늘은 깔게없네 재미없게스리 ㅎ 4번만  욕심안부리고 흐름 이어가면 대량득점도 가능하다는걸  보여준 두경기 ~~노시환 절대 영웅스윙하지마라~~ 그럼 좋아해줄게 ㅎ,2025-07-08 15:36:23+00:00,오늘은 깔게없네 재미없게스리 ㅎ 4번만 욕심안부리고 흐름 이어가면 대량득점도 가능하다는걸 보여준 두경기 노시환 절대 영웅스윙하지마라 좋아해줄게 ㅎ,neutral,2025-07-08
영철이는 2군에 썩혀라 왜 자꾸 1군에 있는거임?,2025-07-08 15:32:16+00:00,영철이는 2군에 썩혀라 자꾸 1군에 있는거임,negative,2025-07-08
10:30 와 진짜 멋있다.....,2025-07-08 15:30:26+00:00,1030 진짜 멋있다,negative,2025-07-08
윤영철...계륵이네,2025-07-08 15:29:43+00:00,윤영철계륵이네,positive,2025-07-08
"이제 윤영철  기회 줄만큼 줬다고,,,,,,

저 구위로  선발은 아니야,,,,,,,,,",2025-07-08 15:29:33+00:00,이제 윤영철 기회 줄만큼 줬다고 구위로 선발은 아니야,neutral,2025-07-08
"한화는
박빙 클로저
점수차 클로저
패전 클로저

성능이 다 좋네?

ㅎㅎ",2025-07-08 15:29:00+00:00,한화는 박빙 클로저 점수차 클로저 패전 클로저 성능이 다 좋네 ㅎㅎ,positive,2025-07-08
영철아....군대가자,2025-07-08 15:28:25+00:00,영철아군대가자,positive,2025-07-08
"오늘 승리를 즐기자!! 내일은 백퍼 쥐어터지는 날...
내일은 상배기 등판날이니 보나마나고 ㅠㅠ, 모레는 상대 선발이 월등하니 어려운 게임이 예상된다.
근데 8회 만루에서 타자 위즈덤이 가장 좋아하는 코스로 공을 던지는 것은 도대체가....배팅볼도 아니고...김종수, 이재원 정신차리길....",2025-07-08 15:27:45+00:00,오늘 승리를 즐기자 내일은 백퍼 쥐어터지는 날 내일은 상배기 등판날이니 보나마나고 ㅠㅠ 모레는 상대 선발이 월등하니 어려운 게임이 예상된다 근데 8회 만루에서 타자 위즈덤이 가장 좋아하는 코스로 공을 던지는 것은 도대체가배팅볼도 아니고김종수 이재원 정신차리길,neutral,2025-07-08
"오늘 직관갔는데 선우 4타수 4안타, 위즈덤 만루홈런에 만족하고 돌아간다… 낼은 더 힘내줘ㅜㅜㅜㅜㅜㅜㅜ (선우는 진짜 내가 응원한다ㅜㅠㅠㅠㅠ)",2025-07-08 15:27:22+00:00,오늘 직관갔는데 선우 4타수 4안타 위즈덤 만루홈런에 만족하고 돌아간다 낼은 더 힘내줘ㅜㅜㅜㅜㅜㅜㅜ 선우는 진짜 내가 응원한다ㅜㅠㅠㅠㅠ,neutral,2025-07-08
기아 제발 위닝하자,2025-07-08 15:27:21+00:00,기아 제발 위닝하자,neutral,2025-07-08
동주야 넌 누가뭐라해도 대전왕자 맞다!!!! 네 나이에 너만큼하는 투수없으니까 넌 편하게  네공 던져😊,2025-07-08 15:25:48+00:00,동주야 넌 누가뭐라해도 대전왕자 맞다 나이에 너만큼하는 투수없으니까 넌 편하게 네공 던져,neutral,2025-07-08
"기아는 이길 맘이 없는거야?? 왜 윤영철 내리고  나오는 투수들이 이미 졌단 마인드로 패전만 올라와 동점 상황인데..,,뭐지???",2025-07-08 15:24:20+00:00,기아는 이길 맘이 없는거야 윤영철 내리고 나오는 투수들이 이미 졌단 마인드로 패전만 올라와 동점 상황인데뭐지,negative,2025-07-08
나만 울리는건가 화장실에서 소리 지르는것처럼 들리는데,2025-07-08 15:22:44+00:00,나만 울리는건가 화장실에서 소리 지르는것처럼 들리는데,negative,2025-07-08
김태연은 아직도 나오냐.제발 2군가주세요,2025-07-08 15:21:27+00:00,김태연은 아직도 나오냐제발 2군가주세요,neutral,2025-07-08
강하다 한화,2025-07-08 15:21:06+00:00,강하다 한화,neutral,2025-07-08
싱백이가 일찍강판되면 또 모른다.,2025-07-08 15:20:56+00:00,싱백이가 일찍강판되면 모른다,negative,2025-07-08
한화 사랑해🧡,2025-07-08 15:20:24+00:00,한화 사랑해,positive,2025-07-08
엄준식아 내일 5이닝 4실점 미만으로만 어떻게 안되겠냐,2025-07-08 15:18:15+00:00,엄준식아 내일 5이닝 4실점 미만으로만 안되겠냐,negative,2025-07-08
"오늘 문동주 좋지 않았는데,
기아 개콘크보 유사프로투수들 윤영철을 시작으로 줄줄이 비엔나로 나와서 베팅볼 던져 주니깐.. 화나 둘기닭스가 질수가 없었음.
기아 토종투수들 퀄리티 다른 나라 스카우트들이 볼까 무섭다~",2025-07-08 15:18:01+00:00,오늘 문동주 좋지 않았는데 기아 개콘크보 유사프로투수들 윤영철을 시작으로 줄줄이 비엔나로 나와서 베팅볼 던져 주니깐 화나 둘기닭스가 질수가 없었음 기아 토종투수들 퀄리티 나라 스카우트들이 볼까 무섭다,negative,2025-07-08
영철이 한번 갔다와라,2025-07-08 15:17:49+00:00,영철이 한번 갔다와라,negative,2025-07-08
"도대체 해설이 누구임?? 
이건 뭐, 옆에서 한 말, 옆에서 해야할 말을 왜 자기가 복사 붙여넣기를 하나. 하이라이트지만, 거의 90%가 해설이 아닌 캐스터처럼 하네.  그것도 뒷북으로....  근데 누군데?",2025-07-08 15:17:41+00:00,도대체 해설이 누구임 이건 뭐 옆에서 한 말 옆에서 해야할 말을 자기가 복사 붙여넣기를 하이라이트지만 90가 해설이 아닌 캐스터처럼 하네 그것도 뒷북으로 근데 누군데,neutral,2025-07-08
상백아 힘내자... 우준이도 살아났다 보여줘라!!,2025-07-08 15:17:29+00:00,상백아 힘내자 우준이도 살아났다 보여줘라,positive,2025-07-08
김태연 타같새 그만좀 처올리고 차라리 허인서를 키워라..,2025-07-08 15:16:17+00:00,김태연 타같새 그만좀 처올리고 허인서를 키워라,negative,2025-07-08
"10:05 지긴 했지만
오늘 수비 진짜 좋았다 얘들아❤❤",2025-07-08 15:15:50+00:00,1005 지긴 했지만 오늘 수비 진짜 좋았다 얘들아,neutral,2025-07-08
"기아팬이지만 ......한화 올핸 우승하자
기아는 선발 중간계투 모조리 빙딱들 특히 임기영이 고집하는 감독 저놈이 패배의 주역이네 범호야 이제 그만해라 씨발",2025-07-08 15:15:38+00:00,기아팬이지만 한화 올핸 우승하자 기아는 선발 중간계투 모조리 빙딱들 특히 임기영이 고집하는 감독 저놈이 패배의 주역이네 범호야 이제 그만해라 씨발,neutral,2025-07-08
4병살치고 만리런 처맞고도 이길줄 몰랐다,2025-07-08 15:14:55+00:00,4병살치고 만리런 처맞고도 이길줄 몰랐다,negative,2025-07-08
내일빠따식지마라 제발,2025-07-08 15:14:19+00:00,내일빠따식지마라 제발,positive,2025-07-08
반국가세력 폭도집단 곤봉으로 찜질당하니까 정신을 못차리노 ㅋㅋㅋㅋㅋㅋㅋㅋㅋㅋㅋㅋ,2025-07-08 15:14:02+00:00,반국가세력 폭도집단 곤봉으로 찜질당하니까 정신을 못차리노 ㅋㅋㅋㅋㅋㅋㅋㅋㅋㅋㅋㅋ,neutral,2025-07-08
엘ㅈㅣ 롯데 씨익~,2025-07-08 15:13:46+00:00,엘ㅈㅣ 롯데 씨익,positive,2025-07-08
윤영철은 선발로는 안될듯. 20대 초반 투수가 기교로 던지면 얻어 맞게 되어 있음. 그건 고교야구에서나 통함.,2025-07-08 15:10:50+00:00,윤영철은 선발로는 안될듯 20대 초반 투수가 기교로 던지면 얻어 맞게 되어 있음 그건 고교야구에서나 통함,neutral,2025-07-08
오늘 날씨도 더운데 기분좋게 이겨줘서 고맙습니다!!  내일은 수비실책과 병살타는 안치기로 해요^^,2025-07-08 15:10:45+00:00,오늘 날씨도 더운데 기분좋게 이겨줘서 고맙습니다 내일은 수비실책과 병살타는 안치기로,neutral,2025-07-08
선발을 왜케 빨리 내린거임,2025-07-08 15:09:52+00:00,선발을 왜케 빨리 내린거임,negative,2025-07-08
내일은 엄... 벌써 빡치네. 엄...,2025-07-08 15:08:48+00:00,내일은 엄 벌써 빡치네 엄,negative,2025-07-08
"윤영철 최강야구에 나왔을때 괜찬아 보였는데 프로에 와서는 힘들어 하는거 같네
올해 김경문 류현진 한을 풀수 있을려나",2025-07-08 15:08:47+00:00,윤영철 최강야구에 나왔을때 괜찬아 보였는데 프로에 와서는 힘들어 하는거 같네 올해 김경문 류현진 한을 풀수 있을려나,neutral,2025-07-08
제발 최원준 좀 빼자,2025-07-08 15:07:42+00:00,제발 최원준 빼자,neutral,2025-07-08
"기아가 6월을 백병전으로 버티면서 꾸역꾸역 전선까지 올라오니까 K9 총동원해서 조져버리네.....ㅡㅡ;
그래도 11점차 후반에도 수비 집중하고 공격 포기 않는 기아 멋졌다.",2025-07-08 15:07:27+00:00,기아가 6월을 백병전으로 버티면서 꾸역꾸역 전선까지 올라오니까 k9 총동원해서 조져버리네ㅡㅡ 11점차 후반에도 수비 집중하고 공격 포기 않는 기아 멋졌다,neutral,2025-07-08
"기아팬인데, 올해 코시 상대는 한화구나!",2025-07-08 15:07:15+00:00,기아팬인데 올해 코시 상대는 한화구나,positive,2025-07-08
김종수 만루홈런은 좀 아쉽네요 ^^,2025-07-08 15:04:27+00:00,김종수 만루홈런은 아쉽네요,negative,2025-07-08
이게 한화지,2025-07-08 15:04:10+00:00,이게 한화지,positive,2025-07-08
기아에서 나가라 최원준,2025-07-08 15:03:46+00:00,기아에서 나가라 최원준,negative,2025-07-08
올해 한화는 정말 강하네,2025-07-08 15:03:37+00:00,올해 한화는 정말 강하네,neutral,2025-07-08
기아 감독은 점수차가 있다고 회 가 많이 남았는데 개임을 왜 자꾸 포기하나 따라 잡을려는 근성이 없다 프로야구가 이래도 되나  코리언시리즈 우승만 생각하고 전력을 아낀다고 옹졸한 게임을한다 그날 그날한 게임 마다 이기면 얼마나 희열을 느끼고 좋은데  머리도 능력도 없고 겁많은 감독 오래 안봤으면 한다 한게임 한게임 초선을 다해라 우승보다 과정이 중요하다,2025-07-08 15:02:57+00:00,기아 감독은 점수차가 있다고 회 많이 남았는데 개임을 자꾸 포기하나 잡을려는 근성이 없다 프로야구가 이래도 되나 코리언시리즈 우승만 생각하고 전력을 아낀다고 옹졸한 게임을한다 그날 그날한 게임 마다 이기면 희열을 느끼고 좋은데 머리도 능력도 없고 겁많은 감독 오래 안봤으면 한다 한게임 한게임 초선을 다해라 우승보다 과정이 중요하다,neutral,2025-07-08
문동주 는 류현진 급은 절대로 안될것같다  그냥 그런 투수정도 //,2025-07-08 15:01:41+00:00,문동주 는 류현진 급은 절대로 안될것같다 그냥 그런 투수정도,negative,2025-07-08
기아 선발이나 계투나 허접한 애들 가관이다 낮은 존에 집어 넣지 못하면 구제불능,2025-07-08 15:01:05+00:00,기아 선발이나 계투나 허접한 애들 가관이다 낮은 존에 집어 넣지 못하면 구제불능,neutral,2025-07-08
"동점상황에서 패전조도 못할 놈들을 내는게 이범호식 승부수입니까??
그리고 임기영 이형범 선수들께는 죄송하지만 이제 야구선수로 큰 실적을 낼 실력이 아니다 생각합니다.
임기영선수 본인 및 가족들의 인스타테러에 마음 아파하지 마시고 에프에이때 저희는 그동안의 희생 실적에 대해는 충분히 보상한거 같으니 야구선수 이외의 제2의 인생 진심으로 응원하겠습니다.
그리고 최원준은....아 일단 쓸모가 어딘가는 있을거 같은데 제가 야알못이라ㅠㅠ좀 쓸모좀 아무분이나 알려주십시오ㅠㅠ",2025-07-08 15:00:48+00:00,동점상황에서 패전조도 못할 놈들을 내는게 이범호식 승부수입니까 임기영 이형범 선수들께는 죄송하지만 이제 야구선수로 큰 실적을 낼 실력이 아니다 생각합니다 임기영선수 본인 가족들의 인스타테러에 마음 아파하지 마시고 에프에이때 저희는 그동안의 희생 실적에 대해는 충분히 보상한거 같으니 야구선수 이외의 제2의 인생 진심으로 응원하겠습니다 최원준은아 쓸모가 어딘가는 있을거 같은데 제가 야알못이라ㅠㅠ좀 쓸모좀 아무분이나 알려주십시오ㅠㅠ,neutral,2025-07-08
"윤영철이 왜 선발인지 아시는분? 

볼이 빠른가?  노
변화구가 다양한가? 노
코너웍이 예리한가? 노
커맨드가 좋은가? 노 

알 수가 없네",2025-07-08 15:00:45+00:00,윤영철이 선발인지 아시는분 볼이 빠른가 노 변화구가 다양한가 노 코너웍이 예리한가 노 커맨드가 좋은가 노 알 수가 없네,negative,2025-07-08
"기아 정재훈 코치 짤라라
윤영철 제구 흔들리면 올라와서 조언도 하고 분위기 바꿔야지 그냥 바꾸냐?
그리고 뒤에 나온 김대유 이형범 전부 2군행 시켜라",2025-07-08 15:00:04+00:00,기아 정재훈 코치 짤라라 윤영철 제구 흔들리면 올라와서 조언도 하고 분위기 바꿔야지 그냥 바꾸냐 뒤에 나온 김대유 이형범 2군행 시켜라,neutral,2025-07-08
김종수 엄상백 주현상 그만보자,2025-07-08 14:59:11+00:00,김종수 엄상백 주현상 그만보자,negative,2025-07-08
너무 잔인해서 끝까지 못보겠다,2025-07-08 14:58:43+00:00,너무 잔인해서 끝까지 못보겠다,negative,2025-07-08
"김종수 ㅎㅎㅎㅎㅎㅎ😂
내년에 보자",2025-07-08 14:57:47+00:00,김종수 ㅎㅎㅎㅎㅎㅎ 내년에 보자,positive,2025-07-08
오 기아 유격수 박민우? 맞나요?. 좋은데. 비교는 아직 이른데 지터 95년 느낌 살짝 나는데요. 박찬호 돈 많이 달라하면 보내도 될거 같은데.,2025-07-08 14:57:45+00:00,기아 유격수 박민우 맞나요 좋은데 비교는 아직 이른데 지터 95년 느낌 살짝 나는데요 박찬호 돈 많이 달라하면 보내도 될거 같은데,neutral,2025-07-08
"한화야 우리가 주제를 모르고 덤벼서 미안하다
범호야 총력전 한다면서 한화 시즌 최다 득점 경기를 오늘 선물하냐?ㅋㅋㅋㅋㅋ
선발 전원 안타에 전원 득점??? 장난하냐?
스윕이나 안당하면 다행이라고 생각해야지 뭐
윤영철, 최원준 같은 은퇴한 최강야구보다 딸리는 그런 개폐급 애들을 데리고 무슨 야구를 하겠냐...
범호야 갑자기 6월 잘 나가니까 명장인줄 아는거야?
최원준 매번 흐름 다 끊어 말아먹는 놈을 왜 쓰는거냐 대체???
쓱 오늘 이겨서 1.5게임 차이인데 스윕 당해서 다시 내려가려고 발악하는건가",2025-07-08 14:56:39+00:00,한화야 우리가 주제를 모르고 덤벼서 미안하다 범호야 총력전 한다면서 한화 시즌 최다 득점 경기를 오늘 선물하냐ㅋㅋㅋㅋㅋ 선발 전원 안타에 전원 득점 장난하냐 스윕이나 안당하면 다행이라고 생각해야지 뭐 윤영철 최원준 같은 은퇴한 최강야구보다 딸리는 그런 개폐급 애들을 데리고 야구를 하겠냐 범호야 갑자기 6월 잘 나가니까 명장인줄 아는거야 최원준 흐름 다 끊어 말아먹는 놈을 쓰는거냐 대체 쓱 오늘 이겨서 15게임 차이인데 스윕 당해서 다시 내려가려고 발악하는건가,neutral,2025-07-08
이제 완전 여름이고 케이티 다음으로 강했던 기아전이니까 예전의 엄상백으로 살아나는 경기할수 있었으면 좋겠다🧡,2025-07-08 14:56:37+00:00,이제 완전 여름이고 케이티 강했던 기아전이니까 예전의 엄상백으로 살아나는 경기할수 있었으면 좋겠다,neutral,2025-07-08
롯데팬이지만 한화개잘해..😊,2025-07-08 14:56:35+00:00,롯데팬이지만 한화개잘해,negative,2025-07-08
아니 그렇게 식물이던 타선이 어떻게 기아상대로  터지냥,2025-07-08 14:56:05+00:00,그렇게 식물이던 타선이 기아상대로 터지냥,negative,2025-07-08
난 이동욱 해설위원 나오시면 좀더 이해가 편해서 좋음❤,2025-07-08 14:55:06+00:00,난 이동욱 해설위원 나오시면 좀더 이해가 편해서 좋음,neutral,2025-07-08
종수야 잘가라 🙂,2025-07-08 14:55:03+00:00,종수야 잘가라,positive,2025-07-08
"1.2.3에이스들 쉬게해주고   빅매치를 치르게해서  한화팬들한테 욕겁나먹더만
후반레이스 자신있어서 에이스들 쉬게해준거네   무섭다 한화",2025-07-08 14:54:51+00:00,123에이스들 쉬게해주고 빅매치를 치르게해서 한화팬들한테 욕겁나먹더만 후반레이스 자신있어서 에이스들 쉬게해준거네 무섭다 한화,negative,2025-07-08
몸값이 젤 비싼 투수가 5선발 최약체...,2025-07-08 14:54:48+00:00,몸값이 젤 비싼 투수가 5선발 최약체,neutral,2025-07-08
상백아 웃음이 나오니? ㅋㅋㅋ,2025-07-08 14:53:11+00:00,상백아 웃음이 나오니 ㅋㅋㅋ,negative,2025-07-08
그래 시환아 배트 짧게 안타로 가자!,2025-07-08 14:53:10+00:00,시환아 배트 짧게 안타로 가자,neutral,2025-07-08
박찬호 때메 흐름 다 끊겼네 아오,2025-07-08 14:52:33+00:00,박찬호 때메 흐름 다 끊겼네 아오,negative,2025-07-08
돌범호 여유가 있네 5게임차다,2025-07-08 14:52:04+00:00,돌범호 여유가 있네 5게임차다,positive,2025-07-08
그런데 하이라이트가 엠스플이 아닌 티빙이군~!!!,2025-07-08 14:51:56+00:00,하이라이트가 엠스플이 아닌 티빙이군,neutral,2025-07-08
박민이 수비가 좋네;,2025-07-08 14:51:32+00:00,박민이 수비가 좋네,positive,2025-07-08
'최강한화' 수십년을 거처 이제는 부끄럽지 않은 네글자,2025-07-08 14:51:17+00:00,최강한화 수십년을 거처 이제는 부끄럽지 않은 네글자,positive,2025-07-08
한화 진짜 미쳤다!!,2025-07-08 14:50:36+00:00,한화 진짜 미쳤다,negative,2025-07-08
종수야 힘내라,2025-07-08 14:50:10+00:00,종수야 힘내라,positive,2025-07-08
김태연은 신혼여행 언제감??,2025-07-08 14:50:02+00:00,김태연은 신혼여행 언제감,positive,2025-07-08
리베라토 오고 나서 공격력이 왠지 모르게 좋아 진 느낌이 드네...,2025-07-08 14:50:01+00:00,리베라토 오고 나서 공격력이 왠지 모르게 진 느낌이 드네,neutral,2025-07-08
와~계속 쳐맞네…ㅎㅎ,2025-07-08 14:49:07+00:00,와계속 쳐맞네ㅎㅎ,positive,2025-07-08
한화 🧡🧡🧡🧡🧡🧡🧡🧡,2025-07-08 14:46:46+00:00,한화,positive,2025-07-08
"이원석 3루 도루할때 위즈덤 힘으로 미는거 뭐지...고의적으로 보이는데,,,",2025-07-08 14:45:55+00:00,이원석 3루 도루할때 위즈덤 힘으로 미는거 뭐지고의적으로 보이는데,positive,2025-07-08
임기영 15억ㅋㅋ 심단장 무슨생각으로 에휴 없는것보다 못하다,2025-07-08 14:45:40+00:00,임기영 15억ㅋㅋ 심단장 무슨생각으로 에휴 없는것보다 못하다,neutral,2025-07-08
최원준  이창진  엉망진창! 퓨쳐스 가 수행해,2025-07-08 14:45:07+00:00,최원준 이창진 엉망진창 퓨쳐스 수행해,positive,2025-07-08
"받은 만큼 주는 엄상백.
하지만 엄상백도 항상 못하는 건 아니니까 내일은 또 모른다.",2025-07-08 14:44:55+00:00,받은 주는 엄상백 엄상백도 항상 못하는 건 아니니까 내일은 모른다,neutral,2025-07-08
"어짜피 기아가 위닝이야
목표달성😊",2025-07-08 14:44:40+00:00,어짜피 기아가 위닝이야 목표달성,negative,2025-07-08
"임기영은 최강야구가도 얻어 맞겠는뎅
구속, 제구력, 승부수 암것도 없는듯",2025-07-08 14:44:19+00:00,임기영은 최강야구가도 얻어 맞겠는뎅 구속 제구력 승부수 암것도 없는듯,positive,2025-07-08
이와중에 노시환 타격 메커니즘 생각해봐야됨.이겼는데 초뿌렸음 죄송합니다.,2025-07-08 14:43:42+00:00,이와중에 노시환 타격 메커니즘 생각해봐야됨이겼는데 초뿌렸음 죄송합니다,negative,2025-07-08
채은성 한화 팬 입장에서 진짜 보물이야,2025-07-08 14:43:26+00:00,채은성 한화 팬 진짜 보물이야,negative,2025-07-08
김종수는 2군가라....,2025-07-08 14:43:10+00:00,김종수는 2군가라,neutral,2025-07-08
"리베라토 정규직 기원!!!!!!!!!!
선발전원안타, 전원타점 등 타선 살아난 건 좋은데 우리 투수들 후들겨 패는 기아타선 무섭",2025-07-08 14:43:05+00:00,리베라토 정규직 기원 선발전원안타 전원타점 타선 살아난 건 좋은데 투수들 후들겨 패는 기아타선 무섭,positive,2025-07-08
한화 우승하면 한화그룹 차원에서 전국민에게 성심당 빵 주려나요? 후후,2025-07-08 14:42:46+00:00,한화 우승하면 한화그룹 차원에서 전국민에게 성심당 빵 주려나요 후후,neutral,2025-07-08
하나 우승한번해야지😊,2025-07-08 14:42:41+00:00,우승한번해야지,positive,2025-07-08
"임기영이는 구속 120-135밖에 안나오는데 프로들한테 얼마나 맛있어 보이겠냐.
진심으로 고딩들한테도 뒤지게 맞을거 같다. 이제 욕심 놓고 은퇴해라..",2025-07-08 14:42:24+00:00,임기영이는 구속 120135밖에 안나오는데 프로들한테 맛있어 보이겠냐 진심으로 고딩들한테도 뒤지게 맞을거 이제 욕심 놓고 은퇴해라,negative,2025-07-08
난 티배팅 하는줄 알았다 그냥 기아 투수들 다 퇴출 해야한다고 본다 거의 티배팅볼 수준 이찬동 이우영 위즈덤 무조건 방출 범호야 윤영철 언제까지 선발 쓸래? 이의리는 왜 아직도 아프냐? 짐 싸자,2025-07-08 14:42:13+00:00,난 티배팅 하는줄 알았다 그냥 기아 투수들 다 퇴출 해야한다고 본다 티배팅볼 수준 이찬동 이우영 위즈덤 무조건 방출 범호야 윤영철 언제까지 선발 쓸래 이의리는 아직도 아프냐 짐 싸자,neutral,2025-07-08
동주야 사랑해 🧡,2025-07-08 14:42:03+00:00,동주야 사랑해,positive,2025-07-08
외인 투수 안나오니 막 터지네,2025-07-08 14:40:32+00:00,외인 투수 안나오니 막 터지네,negative,2025-07-08
"큰점수 차이 라서 다행이지  만루 홈런은  종수가 많은걸 느껴야 한다
만루에  홈런 치기 딱 좋은 코스로 던지는건 아니지",2025-07-08 14:40:22+00:00,큰점수 차이 라서 다행이지 만루 홈런은 종수가 많은걸 느껴야 한다 만루에 홈런 치기 좋은 코스로 던지는건 아니지,neutral,2025-07-08
이제 묵고 묵었던 33년만의 안타들이 니오는거니?? ㅠㅠㅠㅠㅠㅠㅠㅠㅠㅠㅠㅠㅠㅠㅠㅠㅠ,2025-07-08 14:40:10+00:00,이제 묵고 묵었던 33년만의 안타들이 니오는거니 ㅠㅠㅠㅠㅠㅠㅠㅠㅠㅠㅠㅠㅠㅠㅠㅠㅠ,negative,2025-07-08
수비형 타자 1루수 식책이나 맨탈나갔다고 만루맞는 투수나 나이가 적은것도 아니고 참,2025-07-08 14:40:08+00:00,수비형 타자 1루수 식책이나 맨탈나갔다고 만루맞는 투수나 나이가 적은것도 아니고,neutral,2025-07-08
"김종수...  하...
얘를 어쩔꼬",2025-07-08 14:39:27+00:00,김종수 얘를 어쩔꼬,negative,2025-07-08
"임기영.윤영철  냉정하게  얘기해서
프로야구에선 먹히지 않는다  어쩌다
한번 운좋아 잘 던지기를  바라면  여러 경기를  망치는것은  팀경기에 악영향을 준다",2025-07-08 14:39:15+00:00,임기영윤영철 냉정하게 얘기해서 프로야구에선 먹히지 않는다 어쩌다 한번 운좋아 잘 던지기를 바라면 여러 경기를 망치는것은 팀경기에 악영향을 준다,neutral,2025-07-08
내일 엄상백이 이렇게 개털릴거같아 현타온 한화팬 개추,2025-07-08 14:37:57+00:00,내일 엄상백이 이렇게 개털릴거같아 현타온 한화팬 개추,positive,2025-07-08
김종수 밥상 차려주니 볼넷에 만루홈런  ㅡ ㅡ,2025-07-08 14:37:56+00:00,김종수 밥상 차려주니 볼넷에 만루홈런 ㅡ ㅡ,negative,2025-07-08
해태시절 당했던 빙그레의 원혼들이여 일어나라. 아작아작 철천지원수 타이거즈 아작내자.,2025-07-08 14:37:44+00:00,해태시절 당했던 빙그레의 원혼들이여 일어나라 아작아작 철천지원수 타이거즈 아작내자,negative,2025-07-08
내년에 박찬호보내고 박민을 유격수로가자 수비진짜잘한다 박찬호 최원준잡지마라 최형우는 잡아야하고 양현종은 안잡을수가 없잖아,2025-07-08 14:37:16+00:00,내년에 박찬호보내고 박민을 유격수로가자 수비진짜잘한다 박찬호 최원준잡지마라 최형우는 잡아야하고 양현종은 안잡을수가 없잖아,neutral,2025-07-08
20살이 무슨 기교파여 ㅋㅋ 145던져라,2025-07-08 14:37:15+00:00,20살이 기교파여 ㅋㅋ 145던져라,positive,2025-07-08
김태연 서산 가야혀,2025-07-08 14:37:09+00:00,김태연 서산 가야혀,positive,2025-07-08
윤영철이.... 겨울 내내 도대체 뭐했냐?,2025-07-08 14:36:31+00:00,윤영철이 겨울 내내 도대체 뭐했냐,negative,2025-07-08
"김태연은 수비 진짜 못 한다 하
그렇다고 지명타자 할 수준의 타격도 아니고 참...",2025-07-08 14:36:26+00:00,김태연은 수비 진짜 못 한다 그렇다고 지명타자 할 수준의 타격도 아니고,negative,2025-07-08
임기영 하….,2025-07-08 14:35:20+00:00,임기영,positive,2025-07-08
윤영철 얘는 구속도 안돼 제구도 안돼 선발이 5이닝이상도 못던져 일마 왜자꾸 기용하냐 범호야?,2025-07-08 14:34:27+00:00,윤영철 얘는 구속도 안돼 제구도 안돼 선발이 5이닝이상도 못던져 일마 왜자꾸 기용하냐 범호야,neutral,2025-07-08
이것도야구라고.ㅆ ㅍ,2025-07-08 14:34:21+00:00,이것도야구라고ㅆ ㅍ,positive,2025-07-08
"3대3에 게임 포기하는 감독 처음보네
영철이 언제까지 부등부등 해줄껍니까?
그냥 던지게 두시지
어차피 게임포기 할꺼면 벌투라도 좀 시켜요
그리고 영철아 군대좀 일찍좀 가주라
의리 동하 편하게",2025-07-08 14:34:11+00:00,3대3에 게임 포기하는 감독 처음보네 영철이 언제까지 부등부등 해줄껍니까 그냥 던지게 두시지 어차피 게임포기 할꺼면 벌투라도 시켜요 영철아 군대좀 일찍좀 가주라 의리 동하 편하게,neutral,2025-07-08
"이범호감독님 무슨생각이신가요?
당신의 잘못된 선택으로 지난 일요일경기 패하고 오늘도 패하고 1위팀이 만만하게 볼수있는 팀인가요?
아무리 주전이 부상으로 빠져있다해도 어느정도 비빌수가 있어야지 선발 난타당하고 불펜도 난타당하고 전술이란게 있는건가요?",2025-07-08 14:33:44+00:00,이범호감독님 무슨생각이신가요 당신의 잘못된 선택으로 지난 일요일경기 패하고 오늘도 패하고 1위팀이 만만하게 볼수있는 팀인가요 아무리 주전이 부상으로 빠져있다해도 어느정도 비빌수가 있어야지 선발 난타당하고 불펜도 난타당하고 전술이란게 있는건가요,neutral,2025-07-08
키움입니다~~ 플로리얼 잘 쓰시고.. 리베라토는 우리가 쓰겠습니다. 땡큐~♥,2025-07-08 14:33:27+00:00,키움입니다 플로리얼 잘 쓰시고 리베라토는 우리가 쓰겠습니다 땡큐,positive,2025-07-08
타선까지 살아나면 벨붕이지,2025-07-08 14:32:52+00:00,타선까지 살아나면 벨붕이지,negative,2025-07-08
"엄상백은 웃음이 나오나..?
김종수는 진짜 2군 보내라",2025-07-08 14:32:38+00:00,엄상백은 웃음이 나오나 김종수는 진짜 2군 보내라,negative,2025-07-08
울팀이 질줄 알았지  한화는 강팀이다😊,2025-07-08 14:32:13+00:00,울팀이 질줄 알았지 한화는 강팀이다,negative,2025-07-08
폰류와 없이ㅜ최소 위닝가자고,2025-07-08 14:32:13+00:00,폰류와 없이ㅜ최소 위닝가자고,positive,2025-07-08
100대0으로 져도된다 범호야 기영이 함평에서 도영이 다리 마사지나 해주라해라.임기영 언제또왔냐,2025-07-08 14:32:07+00:00,100대0으로 져도된다 범호야 기영이 함평에서 도영이 다리 마사지나 해주라해라임기영 언제또왔냐,negative,2025-07-08
난도질  당했군~근데 한화가 언제부터 최강한화냐? 최강기아 따라하냐,2025-07-08 14:31:20+00:00,난도질 당했군근데 한화가 언제부터 최강한화냐 최강기아 따라하냐,neutral,2025-07-08
기아 해체해라 ㅆ ㅂ ㄴ ㅇ,2025-07-08 14:30:32+00:00,기아 해체해라 ㅆ ㅂ ㄴ ㅇ,negative,2025-07-08
기아는 아무리 선발 빨리 내렸어도 올라오는 투수마다 전부 방어율이 10점대네 ㅋㅋ,2025-07-08 14:29:29+00:00,기아는 아무리 선발 빨리 내렸어도 올라오는 투수마다 방어율이 10점대네 ㅋㅋ,negative,2025-07-08
영철이는 선발 어렵겠다,2025-07-08 14:29:16+00:00,영철이는 선발 어렵겠다,negative,2025-07-08
임기영.... 늙었구나...,2025-07-08 14:28:48+00:00,임기영 늙었구나,neutral,2025-07-08
죽이되든밥이되든 윤영철로 끌고 가야 했다..오늘 윤영철 안 좋았지만 그래도 배팅볼 투수 이형범 임기영 보단 점수는 안 줬다 확실하다 ..임기영은 왜 15억 이나 줬는지 지금도 이해불가다..,2025-07-08 14:27:43+00:00,죽이되든밥이되든 윤영철로 끌고 가야 했다오늘 윤영철 안 좋았지만 배팅볼 투수 이형범 임기영 보단 점수는 안 줬다 확실하다 임기영은 15억 이나 줬는지 지금도 이해불가다,neutral,2025-07-08
직구가 130키로대에 변화구가 120키로대.. 윤영철 도대체 머냐... 어쩌다 저수준이 선발이냐고...,2025-07-08 14:27:42+00:00,직구가 130키로대에 변화구가 120키로대 윤영철 도대체 머냐 어쩌다 저수준이 선발이냐고,negative,2025-07-08
"동주 고생했고
50승 이글스 사랑해",2025-07-08 14:27:37+00:00,동주 고생했고 50승 이글스 사랑해,positive,2025-07-08
리베라토가 한화의 막힌 혈을 풀어준 것 같음,2025-07-08 14:27:12+00:00,리베라토가 한화의 막힌 혈을 풀어준 같음,negative,2025-07-08
ㅈㄴ짜증나는 경기임,2025-07-08 14:26:47+00:00,ㅈㄴ짜증나는 경기임,neutral,2025-07-08
기아 코시 우승vs최원준10-10,2025-07-08 14:26:18+00:00,기아 코시 우승vs최원준1010,positive,2025-07-08
한화미쳤다~~~~~~🎉🎉🎉🎉🎉🎉🎉,2025-07-08 14:26:03+00:00,한화미쳤다,negative,2025-07-08
임기영은 fa뮈하러잡아가지고 에휴 이형범 김대유 최지민 이우성 변우혁 김건국 이런애들은 정리좀해라 좋은선수들 많은데,2025-07-08 14:25:59+00:00,임기영은 fa뮈하러잡아가지고 에휴 이형범 김대유 최지민 이우성 변우혁 김건국 이런애들은 정리좀해라 좋은선수들 많은데,neutral,2025-07-08
심우준 선수!! 살아나는 모습 정말 감동입니다!!!~~~♡♡♡,2025-07-08 14:25:54+00:00,심우준 선수 살아나는 모습 정말 감동입니다,positive,2025-07-08
윤영철 임기영은 이제 그만보고 싶다. 이의리 돌아오면 윤영철 트레이드 고고. 윤영철은 노력을 전혀하지 않는것 같아 구속도 안들고 제구도 그지 같고,2025-07-08 14:25:49+00:00,윤영철 임기영은 이제 그만보고 싶다 이의리 돌아오면 윤영철 트레이드 고고 윤영철은 노력을 전혀하지 않는것 같아 구속도 안들고 제구도 그지 같고,neutral,2025-07-08
"기아를 털다니 
한화포비아 생기겠다
이런 존재가 되다니 머선129",2025-07-08 14:25:49+00:00,기아를 털다니 한화포비아 생기겠다 존재가 되다니 머선129,neutral,2025-07-08
"그래도 위즈덤 선수 만루홈런~~~ 
끝까지 포기하지않는경기
내일 이겨봅시다 🎉🎉🎉🎉",2025-07-08 14:25:28+00:00,위즈덤 선수 만루홈런 끝까지 포기하지않는경기 내일 이겨봅시다,neutral,2025-07-08
"윤영철은 그냥 배팅볼 수준  선발감이 아님
그냥 불펜으로 돌리고 황동하 이의리 넣어라 ㅋ
윤영철은 선발에서 살아남기 힘듬",2025-07-08 14:25:00+00:00,윤영철은 그냥 배팅볼 수준 선발감이 아님 그냥 불펜으로 돌리고 황동하 이의리 넣어라 ㅋ 윤영철은 선발에서 살아남기 힘듬,neutral,2025-07-08
이러다가 임기영 방출되는 거 아냐?,2025-07-08 14:24:49+00:00,이러다가 임기영 방출되는 거 아냐,negative,2025-07-08
10:25 박민 수비는 진짜 메이져급이네,2025-07-08 14:24:30+00:00,1025 박민 수비는 진짜 메이져급이네,negative,2025-07-08
상백아 우규민 나오냐 ㅡㅡ,2025-07-08 14:23:29+00:00,상백아 우규민 나오냐 ㅡㅡ,negative,2025-07-08
나기아팬이지만  한화 축하함 올해에는 한화가 우승하길 빌어보아요,2025-07-08 14:23:23+00:00,나기아팬이지만 한화 축하함 올해에는 한화가 우승하길 빌어보아요,neutral,2025-07-08
시환아 이제 살아나자~ㅋㅋ 리트리버는 리얼이 대신 남아야것네~ㅋㅋ,2025-07-08 14:22:48+00:00,시환아 이제 살아나자ㅋㅋ 리트리버는 리얼이 대신 남아야것네ㅋㅋ,negative,2025-07-08
탱구는 이제 우익수도 못하고 1루수도 못하네,2025-07-08 14:21:50+00:00,탱구는 이제 우익수도 못하고 1루수도 못하네,neutral,2025-07-08
뭐여 기아 투수들 단체로 올스타 홈런레이스 배팅볼 연습 하는겨? 끝도없이 뚜드려 맞네 ㅋㅋㅋㅋ,2025-07-08 14:21:46+00:00,뭐여 기아 투수들 단체로 올스타 홈런레이스 배팅볼 연습 하는겨 끝도없이 뚜드려 맞네 ㅋㅋㅋㅋ,neutral,2025-07-08
내 특별히 인정한다 ㅉ 😂,2025-07-08 14:21:41+00:00,내 특별히 인정한다 ㅉ,positive,2025-07-08
10:26 와우~ 수비 지렸다 ㄷㄷ,2025-07-08 14:21:35+00:00,1026 와우 수비 지렸다 ㄷㄷ,neutral,2025-07-08
김종수는 안되겠네요 거기에서 만루홈런이라니요,2025-07-08 14:21:33+00:00,김종수는 안되겠네요 거기에서 만루홈런이라니요,negative,2025-07-08
"윤영철은 선발감이 아니다 
한화  한테 충분히 발린다",2025-07-08 14:21:21+00:00,윤영철은 선발감이 아니다 한화 한테 충분히 발린다,negative,2025-07-08
윤영철은 왜 지가 못던저놓고 항상 울먹거리는거임? ㅋㅋㅋㅋㅋㅋㅋㅋ동정심 유발 ㅈ되네 공 치기 딱좋은데ㅋㅋㅋㅋ,2025-07-08 14:21:15+00:00,윤영철은 지가 못던저놓고 항상 울먹거리는거임 ㅋㅋㅋㅋㅋㅋㅋㅋ동정심 유발 ㅈ되네 공 치기 딱좋은데ㅋㅋㅋㅋ,negative,2025-07-08
김태연은 나올때마다 실책을 안할때가 없네 타격보단 실책이 더 큼,2025-07-08 14:21:11+00:00,김태연은 나올때마다 실책을 안할때가 없네 타격보단 실책이 더 큼,neutral,2025-07-08
내일은 그냥 불펜 아끼게 상백이군이 몇실점을 하든 내버려 둡시다,2025-07-08 14:21:10+00:00,내일은 그냥 불펜 아끼게 상백이군이 몇실점을 하든 내버려 둡시다,neutral,2025-07-08
기아 새끼들은  투수라고 싸구려 만데려다 팔아먹으려고 노력하냐 저질투수,2025-07-08 14:21:10+00:00,기아 새끼들은 투수라고 싸구려 만데려다 팔아먹으려고 노력하냐 저질투수,neutral,2025-07-08
비브라늄아 끝까지 가자!!!!!!!!,2025-07-08 14:21:09+00:00,비브라늄아 끝까지 가자,negative,2025-07-08
낼 상백이라 기운 받으세요~,2025-07-08 14:20:57+00:00,낼 상백이라 기운 받으세요,positive,2025-07-08
"이 경기 해설이 누구인가요?
전문성이 잘 안 느껴집니다. ㅜㅜ",2025-07-08 14:20:18+00:00,경기 해설이 누구인가요 전문성이 잘 안 느껴집니다 ㅜㅜ,positive,2025-07-08
해설하시는분들 항상 고맙습니다!!,2025-07-08 14:20:10+00:00,해설하시는분들 항상 고맙습니다,neutral,2025-07-08
5회 이전에 상대 선발 상대로 타선에서 이렇게 시원한 경기를 했던게 이번 시즌 처음인 것 같네,2025-07-08 14:20:02+00:00,5회 이전에 상대 선발 상대로 타선에서 이렇게 시원한 경기를 했던게 시즌 처음인 같네,positive,2025-07-08
볼넷 만 처 주다가 안타 처 맞고 ㅉㅉ,2025-07-08 14:19:03+00:00,볼넷 만 처 주다가 안타 처 맞고 ㅉㅉ,negative,2025-07-08
사이다씨...딱 대,2025-07-08 14:18:49+00:00,사이다씨딱 대,positive,2025-07-08
"이겨서 좋은데 3경기 나눠서 내야할점수를 한경기에 몰아서 내는 바람에 수,목 경기는 또 손에 땀을 쥐며 봐야 하는구나.",2025-07-08 14:18:45+00:00,이겨서 좋은데 3경기 나눠서 내야할점수를 한경기에 몰아서 내는 바람에 수목 경기는 손에 땀을 쥐며 봐야 하는구나,neutral,2025-07-08
패전전문 임기영 나왓으면 경기포기지,2025-07-08 14:18:40+00:00,패전전문 임기영 나왓으면 경기포기지,negative,2025-07-08
한국시리즈가면 기아우승,2025-07-08 14:17:50+00:00,한국시리즈가면 기아우승,positive,2025-07-08
"오늘 기아 직관팬 여러분~~~ 
지는데도 끝까지 응원하시는거 감동 😊
감사합니다~~ 🎉🎉🎉 
오늘 넘 아쉬운경기였지만
내일도 기아선수분들~~~  응원할게요",2025-07-08 14:17:44+00:00,오늘 기아 직관팬 지는데도 끝까지 응원하시는거 감동 감사합니다 오늘 넘 아쉬운경기였지만 내일도 기아선수분들 응원할게요,neutral,2025-07-08
"오늘 정말 전원안타 너무너무 좋다~~
문동주 선수 그래도 5회까지 막아주어~~고맙다~~
50승 축하합니다~~
최강한화 화이팅~",2025-07-08 14:17:40+00:00,오늘 정말 전원안타 너무너무 좋다 문동주 선수 5회까지 막아주어고맙다 50승 축하합니다 최강한화 화이팅,neutral,2025-07-08
1위팀의 경기력을 보여줬다😊😊😊,2025-07-08 14:17:38+00:00,1위팀의 경기력을 보여줬다,positive,2025-07-08
우리종수 어쩌냐.. 휴,2025-07-08 14:17:38+00:00,우리종수 어쩌냐,neutral,2025-07-08
김종수는 오늘 크게 이기고 있어서 다행이지 1점2점차이였으면 큰일날뻔,2025-07-08 14:17:36+00:00,김종수는 오늘 크게 이기고 있어서 다행이지 1점2점차이였으면 큰일날뻔,neutral,2025-07-08
김종수땜에 약간빡친 분들 손,2025-07-08 14:17:24+00:00,김종수땜에 약간빡친 분들 손,negative,2025-07-08
종수 모지리 핵 수소 폭탄,2025-07-08 14:16:45+00:00,종수 모지리 핵 수소 폭탄,negative,2025-07-08
"플로리얼 김종수 김태연하고, 타구단 국내 외야수랑 바꿀구단 찾습니다..",2025-07-08 14:16:38+00:00,플로리얼 김종수 김태연하고 타구단 국내 외야수랑 바꿀구단 찾습니다,neutral,2025-07-08
노시환 4번 ㅋㅋㅋㅋㅋㅋㅋㅋㅋㅋㅋㅋㅋㅋㅋㅋㅋㅋㅋㅋㅋㅋㅋㅋㅋㅋㅋ,2025-07-08 14:16:15+00:00,노시환 4번 ㅋㅋㅋㅋㅋㅋㅋㅋㅋㅋㅋㅋㅋㅋㅋㅋㅋㅋㅋㅋㅋㅋㅋㅋㅋㅋㅋ,positive,2025-07-08
한화 이미 2020시즌 최종 승수보다 4승 더한 상태임 ㅋㅋㅋㅋㅋㅋ,2025-07-08 14:16:09+00:00,한화 이미 2020시즌 최종 승수보다 4승 더한 상태임 ㅋㅋㅋㅋㅋㅋ,positive,2025-07-08
한대 쳤냐?그럼 두대 맞아라...이런 공격이 가능한 한화라니 ㅋㅋㅋ,2025-07-08 14:15:24+00:00,한대 쳤냐그럼 두대 맞아라이런 공격이 가능한 한화라니 ㅋㅋㅋ,negative,2025-07-08
"승리가 익숙해져서 자꾸 1승에 감동이 없네 이러면 안되는 데

우리 타자들 요새
케이리그데몬히터스",2025-07-08 14:15:10+00:00,승리가 익숙해져서 자꾸 1승에 감동이 없네 이러면 안되는 데 타자들 요새 케이리그데몬히터스,negative,2025-07-08
김종수 김태연 느그가 그럼 그렇지.. ㅉㅉㅉ,2025-07-08 14:15:03+00:00,김종수 김태연 느그가 ㅉㅉㅉ,negative,2025-07-08
이범호 명장 병 걸렸나? 3회에 선발 조기강판 시키고 패배조 내보내는건 머냐?그럴려면 그냥 좀 더 던지게 하는게 맞는게 아닌가?잡을려면 필승조를 내보내던지,2025-07-08 14:14:58+00:00,이범호 명장 병 걸렸나 3회에 선발 조기강판 시키고 패배조 내보내는건 머냐그럴려면 그냥 더 던지게 하는게 맞는게 아닌가잡을려면 필승조를 내보내던지,neutral,2025-07-08
윤.  형.  철!!  고교야구로. 가라!!,2025-07-08 14:14:48+00:00,윤 형 철 고교야구로 가라,neutral,2025-07-08
진짜 한화 강해졌네...올시즌 진짜 우승 적기인가,2025-07-08 14:14:24+00:00,진짜 한화 강해졌네올시즌 진짜 우승 적기인가,positive,2025-07-08
"땅달이 숏다리 볼스피드 150이하 개판인애들은 투수하지마라
노력도 개선의지도 프로자격없다
만루만들어서 만루홈런 쳐맞는게 투수냐?",2025-07-08 14:14:18+00:00,땅달이 숏다리 볼스피드 150이하 개판인애들은 투수하지마라 노력도 개선의지도 프로자격없다 만루만들어서 만루홈런 쳐맞는게 투수냐,neutral,2025-07-08
"오늘은 확실히 투수들의 싸움과 수비실책으로 승패가 갈리는 경기였음...ㄷㄷ
양팀 모든 타자들이 다 잘침 진짜...
안타 개수가 한화 16개, 기아 15개면...",2025-07-08 14:14:09+00:00,오늘은 확실히 투수들의 싸움과 수비실책으로 승패가 갈리는 경기였음ㄷㄷ 양팀 모든 타자들이 다 잘침 진짜 안타 개수가 한화 16개 기아 15개면,neutral,2025-07-08
이게 원래 영철이 ㅇㅇ,2025-07-08 14:13:54+00:00,이게 원래 영철이 ㅇㅇ,neutral,2025-07-08
불빠따구먼.. ㅎㅎㅎㅎㅎ,2025-07-08 14:13:21+00:00,불빠따구먼 ㅎㅎㅎㅎㅎ,negative,2025-07-08
이범호 이ㅅㅋ는 3회에 경기를 포기해버리네 윤영철을 내렸으면 추격조를 올리던가 김대유 이형범 폐급투수를 올리네 최소한 저기응원하러간 팬들도 좀생각해라임마,2025-07-08 14:13:06+00:00,이범호 이ㅅㅋ는 3회에 경기를 포기해버리네 윤영철을 내렸으면 추격조를 올리던가 김대유 이형범 폐급투수를 올리네 최소한 저기응원하러간 팬들도 좀생각해라임마,neutral,2025-07-08
리젤라또 종신 가자🧡🧡🧡,2025-07-08 14:13:05+00:00,리젤라또 종신 가자,neutral,2025-07-08
기아야!! 그렇게 됐다,2025-07-08 14:13:03+00:00,기아야 그렇게 됐다,positive,2025-07-08
내일 엄데이 하이라이트는 하루 거르고 모레 올게요,2025-07-08 14:12:59+00:00,내일 엄데이 하이라이트는 하루 거르고 모레 올게요,neutral,2025-07-08
스윕한다고 설레발 떨던 개아팬들 어디갔노 ㅋㅋ,2025-07-08 14:12:35+00:00,스윕한다고 설레발 떨던 개아팬들 어디갔노 ㅋㅋ,negative,2025-07-08
투고타저의 한화가 타선이 살아난다? 이건 못막죠,2025-07-08 14:12:33+00:00,투고타저의 한화가 타선이 살아난다 이건 못막죠,negative,2025-07-08
문동주 너무 선발 잘해줬고! 야수들 타석에서 시원하게 터트려줘서 고맙네요. 무엇보다 이원석 1번 테이블세터로 공 잘봐서 볼넷출루로 흔들고 주루까지 성장하는게 보인다. 무더운 날씨에 한&기 선수들 수고하셨어요(최형우선수 부상아니길),2025-07-08 14:12:28+00:00,문동주 너무 선발 잘해줬고 야수들 타석에서 시원하게 터트려줘서 고맙네요 무엇보다 이원석 1번 테이블세터로 공 잘봐서 볼넷출루로 흔들고 주루까지 성장하는게 보인다 무더운 날씨에 한기 선수들 수고하셨어요최형우선수 부상아니길,neutral,2025-07-08
상백아.... 우준이도 슬슬 터지는데 너도 낼은 한번 긁어  보자  기대한다,2025-07-08 14:11:47+00:00,상백아 우준이도 슬슬 터지는데 너도 낼은 한번 긁어 보자 기대한다,positive,2025-07-08
기아가 만만치 않은데...아주 맹폭을 했네...굿~,2025-07-08 14:11:44+00:00,기아가 만만치 않은데아주 맹폭을 했네굿,negative,2025-07-08
근데 문동주 구속 무슨일임?,2025-07-08 14:11:36+00:00,근데 문동주 구속 무슨일임,neutral,2025-07-08
"내일은 그냥 기아승이다 미리 추카한다 
내일 기아가 승 못하면 가을 야구 꿈도 꾸지 말어라 엄상백은 1승도실력이 아닌 개뽀록이다 타팀들 엄상백을 1회부터 홈런치고 안타치고 1회에 그냥 넘어간적이 단 한번도 없었다 기아가 1회에 3점 이상 못 뽑으면 이겨도 이긴것이 아니다 엄상백은 졸라 못해서 기아가 4회 정도에 강판시켜야 이긴걸루 치겠다 5회 이상 엄상백이 던지면 기아는 가을야구갈 자격이 없는것만 알고 있어라",2025-07-08 14:11:14+00:00,내일은 그냥 기아승이다 미리 추카한다 내일 기아가 승 못하면 가을 야구 꿈도 꾸지 말어라 엄상백은 1승도실력이 아닌 개뽀록이다 타팀들 엄상백을 1회부터 홈런치고 안타치고 1회에 그냥 넘어간적이 단 한번도 없었다 기아가 1회에 3점 못 뽑으면 이겨도 이긴것이 아니다 엄상백은 졸라 못해서 기아가 4회 정도에 강판시켜야 이긴걸루 치겠다 5회 엄상백이 던지면 기아는 가을야구갈 자격이 없는것만 알고 있어라,neutral,2025-07-08
이재원 발 존나 느리네 ㅎㅎ,2025-07-08 14:11:10+00:00,이재원 발 존나 느리네 ㅎㅎ,negative,2025-07-08
항상 김종수만 나옴 불안해지는건 뭘까,2025-07-08 14:11:02+00:00,항상 김종수만 나옴 불안해지는건 뭘까,negative,2025-07-08
"기아 키스톤들 ㅁㅊㄷ... 오늘 지긴 했지만... 그래도 박민, 김규성 좋은 수비에 기분 조금이라도 좋아짐...",2025-07-08 14:10:52+00:00,기아 키스톤들 ㅁㅊㄷ 오늘 지긴 했지만 박민 김규성 좋은 수비에 기분 조금이라도 좋아짐,positive,2025-07-08
기아 투수들은 어떻게 하나 같이 배팅볼만 던지냐?,2025-07-08 14:10:39+00:00,기아 투수들은 배팅볼만 던지냐,neutral,2025-07-08
최강한화,2025-07-08 14:10:36+00:00,최강한화,positive,2025-07-08
최재훈이 진짜 너무 잘해줌.. 요즘 심우준 멀티히트 예뻐죽겠고 ㅠㅠ 오늘 병살은 많이 먹었어도 예뻐죽겠다 만루홈런 맞아도 기분이 이렇게 좋을 수가.. 사랑한다 최강한화🧡🍀,2025-07-08 14:10:15+00:00,최재훈이 진짜 너무 잘해줌 요즘 심우준 멀티히트 예뻐죽겠고 ㅠㅠ 오늘 병살은 많이 먹었어도 예뻐죽겠다 만루홈런 맞아도 기분이 이렇게 좋을 수가 사랑한다 최강한화,positive,2025-07-08
내일 이글스파크앞에서 기우제 지낼 파티원 구함,2025-07-08 14:10:02+00:00,내일 이글스파크앞에서 기우제 지낼 파티원 구함,positive,2025-07-08
"엄상백은 서산에 안가고~
덕아웃에서~뭐하냐!!!
지금 덕아웃에서 히덕거릴때냐!!!
서산에 가서 밤새도록 연습해라~~",2025-07-08 14:09:57+00:00,엄상백은 서산에 안가고 덕아웃에서뭐하냐 지금 덕아웃에서 히덕거릴때냐 서산에 가서 밤새도록 연습해라,neutral,2025-07-08
"내일은 상백이 선발이네😢
하루 쉬어갑시다~",2025-07-08 14:09:46+00:00,내일은 상백이 선발이네 하루 쉬어갑시다,neutral,2025-07-08
김태연 그만보고싶다 제발,2025-07-08 14:09:34+00:00,김태연 그만보고싶다 제발,negative,2025-07-08
김태연 실책이 만루홈런까지 연결되네 ㅡㅡ,2025-07-08 14:09:23+00:00,김태연 실책이 만루홈런까지 연결되네 ㅡㅡ,negative,2025-07-08
임기영  방출,2025-07-08 14:09:22+00:00,임기영 방출,positive,2025-07-08
오늘 왜이러니 한화야 점수 너무 많이 낸거 아냐?,2025-07-08 14:09:12+00:00,오늘 왜이러니 한화야 점수 너무 많이 낸거 아냐,negative,2025-07-08
기아팬들 한화 엄청 무시하던데 꼬시다 ㅋㅋㅋㅋ,2025-07-08 14:09:08+00:00,기아팬들 한화 엄청 무시하던데 꼬시다 ㅋㅋㅋㅋ,neutral,2025-07-08
오늘 타선 뭐에요~~??❤❤,2025-07-08 14:09:03+00:00,오늘 타선 뭐에요,positive,2025-07-08
아니..감독 오늘 투수 라인 실화냐.. 그럴거면 영철이 믿고 계속 쓰던가. 더 쳐맞는 놈들을 올리면 어쩌라고.. 타자들이 잘 치면 뭐해 투수조가 저따위면 오늘 경기는 질거 생각하고 올렸단 생각밖ㅇㅔ 안든다.,2025-07-08 14:08:40+00:00,아니감독 오늘 투수 라인 실화냐 그럴거면 영철이 믿고 계속 쓰던가 더 쳐맞는 놈들을 올리면 어쩌라고 타자들이 잘 치면 뭐해 투수조가 저따위면 오늘 경기는 질거 생각하고 올렸단 생각밖ㅇㅔ 안든다,neutral,2025-07-08
내일 경기는 엄대양이라 엄대엄이겠네..,2025-07-08 14:08:35+00:00,내일 경기는 엄대양이라 엄대엄이겠네,positive,2025-07-08
작살났구만ㅋ,2025-07-08 14:08:34+00:00,작살났구만ㅋ,positive,2025-07-08
김종수는 프로 수준이 아니네,2025-07-08 14:08:28+00:00,김종수는 프로 수준이 아니네,neutral,2025-07-08
"낼
패상벽이 나오면
걍
스킵하고
골때녀 볼랍니다😅😅😅",2025-07-08 14:08:23+00:00,낼 패상벽이 나오면 걍 스킵하고 골때녀 볼랍니다,neutral,2025-07-08
"김종수는 수준 미달의 선수다 자기가 다른 불펜선수들 수준하고 같다고 생각하나 본데 나올때 마다 이랬음 
그동안 김종수가 싸질러 논 똥 다음 투수들이 해결해서 그런거지 김종수 깔끔하게 던진적 한번도 없었음",2025-07-08 14:08:21+00:00,김종수는 수준 미달의 선수다 자기가 불펜선수들 수준하고 같다고 생각하나 본데 나올때 마다 이랬음 그동안 김종수가 싸질러 논 똥 투수들이 해결해서 그런거지 김종수 깔끔하게 던진적 한번도 없었음,neutral,2025-07-08
황동하 이의리 빨리 왔으면 좋겠다.. 저거 윤영철이 좀 치워라 아오,2025-07-08 14:08:07+00:00,황동하 이의리 빨리 왔으면 좋겠다 저거 윤영철이 치워라 아오,neutral,2025-07-08
내일은 우리가 이기자!!!,2025-07-08 14:07:41+00:00,내일은 우리가 이기자,positive,2025-07-08
"그 지역 애들 왜케 못배워먹었냐? 앞자리에 발올리고 6명이서 한 줄로 같이 다니면서 길 막고 다니고 진짜 ""그"" 냄새난다",2025-07-08 14:07:26+00:00,지역 애들 왜케 못배워먹었냐 앞자리에 발올리고 6명이서 한 줄로 다니면서 길 막고 다니고 진짜 냄새난다,negative,2025-07-08
윤영철은 그냥 방출해라 장난하냐 진짜,2025-07-08 14:07:25+00:00,윤영철은 그냥 방출해라 장난하냐 진짜,neutral,2025-07-08
"엄상백 내일 5,6 이닝 까지 버티면 좋겠지만 4 이닝 까지 만이라도 버텨줘 ㅠㅠ 타선들도 오늘 처럼 만 해줘",2025-07-08 14:07:20+00:00,엄상백 내일 56 이닝 버티면 좋겠지만 4 이닝 만이라도 버텨줘 ㅠㅠ 타선들도 오늘 처럼 만 해줘,negative,2025-07-08
"한화는 중간계투진 정신안차리면 정규리그 1등한다고 해도 한국시리즈 우승어렵다
단기전에서는 한번의 흐름으 하나의 안타로 흐름이 바뀌는데
한화 중간계투는 나오는 선수마다 안타없이 넘어가는 이닝을 거의 보지 못했다
농구에서도 정규리그 우승해놓고 결승 토너먼트에서 무너지는 경우 많아
올해 sk랑 lg가 그랬다  단기전은 상대편을 마음가짐이나 달라진다. 한화는 정말 중간불펜이 문제야 문제 이걸 해결하지 못하면
올해 정규리그 우승해도 절대 한국시리즈 우승못한다 단기전은 응집력인데 정말 답답한 한화중간 필패조",2025-07-08 14:07:07+00:00,한화는 중간계투진 정신안차리면 정규리그 1등한다고 해도 한국시리즈 우승어렵다 단기전에서는 한번의 흐름으 하나의 안타로 흐름이 바뀌는데 한화 중간계투는 나오는 선수마다 안타없이 넘어가는 이닝을 보지 못했다 농구에서도 정규리그 우승해놓고 결승 토너먼트에서 무너지는 경우 많아 올해 sk랑 lg가 그랬다 단기전은 상대편을 마음가짐이나 달라진다 한화는 정말 중간불펜이 문제야 문제 이걸 해결하지 못하면 올해 정규리그 우승해도 절대 한국시리즈 우승못한다 단기전은 응집력인데 정말 답답한 한화중간 필패조,neutral,2025-07-08
내일 엄상백이네 기아 승이다 맘 편히 타팀 경기나 바야겠다 엄상색 이 인간은 1회 부터 두들겨 맞아서 기대감 1도 없음 엄상백하고 계약하자고 나댄 인간 감사에 착수하라고 한화회장에게 멜 보냈다 아마도 엄상백 에이전트하고 짜고 엄상백에게 갈 돈 반은 지가 먹는것이 아닌가 의심 스러움 엄상백이라서 맘 내려놓으니 맘이 안정적이다  기대치도 없고 엄상백 대신 차라리 유망주 신인을 던지게 하자  엄상백에 줄 돈이 아깝긴하지만 어쩌겠어 미래라도 밟게 신인선수들 경험이나 쌓게 해주는게 헐 이익이지 어차피 패 할바에야,2025-07-08 14:06:49+00:00,내일 엄상백이네 기아 승이다 맘 편히 타팀 경기나 바야겠다 엄상색 인간은 1회 두들겨 맞아서 기대감 1도 없음 엄상백하고 계약하자고 나댄 인간 감사에 착수하라고 한화회장에게 멜 보냈다 아마도 엄상백 에이전트하고 짜고 엄상백에게 갈 돈 반은 지가 먹는것이 아닌가 의심 스러움 엄상백이라서 맘 내려놓으니 맘이 안정적이다 기대치도 없고 엄상백 대신 유망주 신인을 던지게 하자 엄상백에 줄 돈이 아깝긴하지만 어쩌겠어 미래라도 밟게 신인선수들 경험이나 쌓게 해주는게 헐 이익이지 어차피 패 할바에야,neutral,2025-07-08
한화가 팀분위기가 너무너무너무 좋네요ㅎ 국내외선수 모두 함박웃음ㅋ,2025-07-08 14:06:47+00:00,한화가 팀분위기가 너무너무너무 좋네요ㅎ 국내외선수 함박웃음ㅋ,neutral,2025-07-08
기아의 설레발~,2025-07-08 14:06:36+00:00,기아의 설레발,positive,2025-07-08
"3회 3:3 49개 던진 윤영철 퀵후크 하고

윤영철보다 아웃카운트 못잡는 김대유 이형범 임기영 투입ㅋㅋ

감독이 돌대가리임 그냥ㅋㅋㅋ",2025-07-08 14:06:35+00:00,3회 33 49개 던진 윤영철 퀵후크 하고 윤영철보다 아웃카운트 못잡는 김대유 이형범 임기영 투입ㅋㅋ 감독이 돌대가리임 그냥ㅋㅋㅋ,neutral,2025-07-08
요즘 진짜 날아다니네...넘 이쁘네 ㅎㅎ,2025-07-08 14:06:14+00:00,요즘 진짜 날아다니네넘 이쁘네 ㅎㅎ,negative,2025-07-08
한화는 그냥 잘되는 집 ㅋㅋ 이유없이 그냥 다 잘풀림. 진짜 한국화약 본업마냥 다이나마이트 타선이구먼,2025-07-08 14:06:13+00:00,한화는 그냥 잘되는 집 ㅋㅋ 이유없이 그냥 다 잘풀림 진짜 한국화약 본업마냥 다이나마이트 타선이구먼,neutral,2025-07-08
와 타격 뭔데 보약 한 번 자시더니 아주 신바람 야구를 하는구나 한화야 ㅅㅅㅅㅅㅅㅅ,2025-07-08 14:06:09+00:00,타격 뭔데 보약 한 번 자시더니 아주 신바람 야구를 하는구나 한화야 ㅅㅅㅅㅅㅅㅅ,neutral,2025-07-08
아따 한화 무섭네이,2025-07-08 14:06:01+00:00,아따 한화 무섭네이,negative,2025-07-08
심우준 이렇게만 하자!!!!!!!!!!!!,2025-07-08 14:05:48+00:00,심우준 이렇게만 하자,neutral,2025-07-08
엄상백은 아무래도 버려야겠지?,2025-07-08 14:05:45+00:00,엄상백은 아무래도 버려야겠지,negative,2025-07-08
이형범 임기영은 그냥 은퇴하자,2025-07-08 14:05:22+00:00,이형범 임기영은 그냥 은퇴하자,neutral,2025-07-08
기아투수들은 베팅볼수준이네.,2025-07-08 14:05:19+00:00,기아투수들은 베팅볼수준이네,positive,2025-07-08
자 이제 누가 우승후보지?,2025-07-08 14:05:16+00:00,이제 누가 우승후보지,positive,2025-07-08
"엄상백 진짜 내일도 지는거야??
그럼 어따써먹냐",2025-07-08 14:05:14+00:00,엄상백 진짜 내일도 지는거야 어따써먹냐,negative,2025-07-08
업봌ㅋㅋㅋㅋㅋㅋㅋㅋㅋ,2025-07-08 14:05:02+00:00,업봌ㅋㅋㅋㅋㅋㅋㅋㅋㅋ,positive,2025-07-08
만루홈런도 경기를 뒤집지 못 했네. 8 점 이나 내다니 솔직히 기아는 좀 무섭다.,2025-07-08 14:04:57+00:00,만루홈런도 경기를 뒤집지 못 했네 8 점 이나 내다니 솔직히 기아는 무섭다,negative,2025-07-08
잘 몰라서 그러는데 원래 사직은 홈팀 홈런만 불 끄고 빠밤빠밤해주나요??,2025-07-08 14:04:53+00:00,잘 몰라서 그러는데 원래 사직은 홈팀 홈런만 불 끄고 빠밤빠밤해주나요,negative,2025-07-08
그래 이게 1위팀의 경기다,2025-07-08 14:04:17+00:00,이게 1위팀의 경기다,positive,2025-07-08
윤영철 진짜 안보고싶다,2025-07-08 14:04:08+00:00,윤영철 진짜 안보고싶다,negative,2025-07-08
"윤영철 선수가 못한게 아니다.
내려가자마자 한이닝에 4실점 이였다",2025-07-08 14:03:59+00:00,윤영철 선수가 못한게 아니다 내려가자마자 한이닝에 4실점 이였다,negative,2025-07-08
왜 잘하는건데..,2025-07-08 14:03:57+00:00,잘하는건데,neutral,2025-07-08
"와 드디어 두번째 스포츠 소원이 이루어지나..
손흥민 우승컵드는거랑 한화 리그우승 하는거 보는거였는데 진짜 ㅋㅋ",2025-07-08 14:03:53+00:00,드디어 두번째 스포츠 소원이 이루어지나 손흥민 우승컵드는거랑 한화 리그우승 하는거 보는거였는데 진짜 ㅋㅋ,neutral,2025-07-08
"감독님 제가 선출도 아니고 일반인이지만 진심을 다해 말씀 한번 올립니다.
올스타 브레이크 전이라 쉼 없이 달려와(우취도 많이 없었음) 투수진들의 이닝수도 많았고 지쳐있음을 알고 있습니다.
물론 필승조가 3회부터 등판할수 없는거 저도 인지하고 있습니다.
하지만 3회말 무사1루 3대3 동점 상황에서 윤영철 선수가 흔들리고 있어서 투교를 한다는건 결국 이 경기를 포기하지않고 끌고 간다는거라고 저는 이해를 했는데
윤영철 선수를 내리고 올리는 선수가 김대유, 이형범 이라면 저는 도저히 이해가 안되네요.
윤영철 선수가 아무리 흔들리고 있다해도 그 선수들을 올릴거였으면 저는 윤영철 선수를 더욱 밀고 갔을거 같네요.
혹시 투교를 한다면 성영탁 선수를 고려하지 못했을까요? 성영탁 선수를 필승조를 쓸게 아니라면 더더욱 이런 상황에서 쓰는게 저는 백번 맞다고 생각이 듭니다.
3회 동점상황에서 김대유, 이형범 선수를 올린다는건 ㅋㅋㅋㅋ..... 그냥 돈주고 간 팬들을 기만하는거라고밖에 생각이 안드네요.
물론 그 선수들을 비하하는건 아닙니다. 모든 선수들의 역할을 분배되어야하고 오늘 3회에서 그 선수들의 역할에 맞게 배치되지 못했다는 생각이 강하게 드네요.
작년 7월31일 애매하게 선수 기용해서 결국 장현식 선수까지 나오게 했던 경기가 생각날뻔했네요.
아무리 야구가 마라톤 같은 스포츠라하더라도 이번 경기처럼 초반에 던져버릴거면 팬들한테 미리 야구보러 오지 말라고 고지라도 해주세요.
돈주고 보는게 너무 아까운 경기라고 생각이듭니다.
감독님 제발 던질거면 신인 선수로 막는다는 생각으로 적극 기용 부탁드립니다. 답도 없는 노장 말고!!",2025-07-08 14:03:18+00:00,감독님 제가 선출도 아니고 일반인이지만 진심을 다해 말씀 한번 올립니다 올스타 브레이크 전이라 쉼 없이 달려와우취도 많이 없었음 투수진들의 이닝수도 많았고 지쳐있음을 알고 있습니다 필승조가 3회부터 등판할수 없는거 저도 인지하고 있습니다 3회말 무사1루 3대3 동점 상황에서 윤영철 선수가 흔들리고 있어서 투교를 한다는건 경기를 포기하지않고 끌고 간다는거라고 저는 이해를 했는데 윤영철 선수를 내리고 올리는 선수가 김대유 이형범 저는 도저히 이해가 안되네요 윤영철 선수가 아무리 흔들리고 있다해도 선수들을 올릴거였으면 저는 윤영철 선수를 더욱 밀고 갔을거 같네요 투교를 성영탁 선수를 고려하지 못했을까요 성영탁 선수를 필승조를 쓸게 더더욱 상황에서 쓰는게 저는 백번 맞다고 생각이 듭니다 3회 동점상황에서 김대유 이형범 선수를 올린다는건 ㅋㅋㅋㅋ 그냥 돈주고 간 팬들을 기만하는거라고밖에 생각이 안드네요 선수들을 비하하는건 아닙니다 모든 선수들의 역할을 분배되어야하고 오늘 3회에서 선수들의 역할에 맞게 배치되지 못했다는 생각이 강하게 드네요 작년 7월31일 애매하게 선수 기용해서 장현식 선수까지 나오게 했던 경기가 생각날뻔했네요 아무리 야구가 마라톤 같은 스포츠라하더라도 경기처럼 초반에 던져버릴거면 팬들한테 미리 야구보러 오지 말라고 고지라도 해주세요 돈주고 보는게 너무 아까운 경기라고 생각이듭니다 감독님 제발 던질거면 신인 선수로 막는다는 생각으로 적극 기용 부탁드립니다 답도 없는 노장 말고,neutral,2025-07-08
김대유는 그렇다치고 이형범을 투입한게 패착!이형범은 얼른 버려라,2025-07-08 14:03:13+00:00,김대유는 그렇다치고 이형범을 투입한게 패착이형범은 얼른 버려라,negative,2025-07-08
상백아 전반기 마무리라도 잘해보자..,2025-07-08 14:02:50+00:00,상백아 전반기 마무리라도 잘해보자,positive,2025-07-08
시즌중반에 6할승률 한화,2025-07-08 14:02:35+00:00,시즌중반에 6할승률 한화,neutral,2025-07-08
엄대양 잼나겠네 ㅋㅋㅋ,2025-07-08 14:02:19+00:00,엄대양 잼나겠네 ㅋㅋㅋ,positive,2025-07-08
진짜 김태연  좀..... 않보고 싶다,2025-07-08 14:02:12+00:00,진짜 김태연 않보고 싶다,negative,2025-07-08
김종수 이색히는 나올때마다 점수주네 불안해서 못보겠다 증말,2025-07-08 14:02:06+00:00,김종수 이색히는 나올때마다 점수주네 불안해서 못보겠다 증말,negative,2025-07-08
우리영철이 함평좀 가서 얼굴좀 검게 만들어서 만나자^^ 다시올때 좋은 모습보여줘^^,2025-07-08 14:01:54+00:00,우리영철이 함평좀 가서 얼굴좀 검게 만들어서 만나자 다시올때 좋은 모습보여줘,positive,2025-07-08
그나저나 한화 야수 타율 실화냐 ㅋㅋㅋ 저타율에 어캐 1등이지,2025-07-08 14:01:54+00:00,그나저나 한화 야수 타율 실화냐 ㅋㅋㅋ 저타율에 어캐 1등이지,neutral,2025-07-08
답없네,2025-07-08 14:01:45+00:00,답없네,negative,2025-07-08
김종수 모냐? 완전 못던지는데 왜 나온거야?,2025-07-08 14:01:45+00:00,김종수 모냐 완전 못던지는데 나온거야,neutral,2025-07-08
김태연 눈이썩는다,2025-07-08 14:01:42+00:00,김태연 눈이썩는다,negative,2025-07-08
임기영이 아직도 잇는게 신기하다,2025-07-08 14:01:35+00:00,임기영이 아직도 잇는게 신기하다,neutral,2025-07-08
영철아 냉정하게 용접부터 배워라,2025-07-08 14:01:25+00:00,영철아 냉정하게 용접부터 배워라,neutral,2025-07-08
근데 플로리얼 말고 리베라토로 교체되면 플로리얼 올스타는 나가고 바이바이 하는거임?,2025-07-08 14:01:10+00:00,근데 플로리얼 말고 리베라토로 교체되면 플로리얼 올스타는 나가고 바이바이 하는거임,neutral,2025-07-08
기아 j밥이네요^^~♡♡,2025-07-08 14:01:00+00:00,기아 j밥이네요,positive,2025-07-08
진짜 오늘 야구 신나게 했다!!!!!!!!!,2025-07-08 14:00:44+00:00,진짜 오늘 야구 신나게 했다,positive,2025-07-08
양철이는 ..,2025-07-08 14:00:35+00:00,양철이는,neutral,2025-07-08
돌멩이 번트 킹받네😮,2025-07-08 14:00:21+00:00,돌멩이 번트 킹받네,negative,2025-07-08
기아가 다음엔 이길꺼다!!,2025-07-08 14:00:19+00:00,기아가 다음엔 이길꺼다,negative,2025-07-08
기아의 패배공식 임기영 ㅋㅋㅋㅋ,2025-07-08 14:00:01+00:00,기아의 패배공식 임기영 ㅋㅋㅋㅋ,negative,2025-07-08
김종수는 그만 좀 쓰자...,2025-07-08 13:59:39+00:00,김종수는 그만 쓰자,negative,2025-07-08
"탱구야?  뭐여!  종수는 어떡하냐?
잘좀 부탁혀",2025-07-08 13:59:35+00:00,탱구야 뭐여 종수는 어떡하냐 잘좀 부탁혀,neutral,2025-07-08
"갸) 솔까 전혀 기대는 안함.. 윤영철 대 문동주..ㅋ
첨에 그래도 비슷하게 갔는데 그냥 와르르..ㅠ",2025-07-08 13:59:30+00:00,갸 솔까 전혀 기대는 안함 윤영철 대 문동주ㅋ 첨에 비슷하게 갔는데 그냥 와르르ㅠ,neutral,2025-07-08
한화는 오바만 꾸준히 가면 월급 꽁돈임,2025-07-08 13:59:23+00:00,한화는 오바만 꾸준히 가면 월급 꽁돈임,positive,2025-07-08
1점차로 10점차로지나 똑같다 잘졌다 너무몰아치는것도 좋은건아님 기아도 롯데전에13점뽑고나서 다음날 안좋더라,2025-07-08 13:59:17+00:00,1점차로 10점차로지나 똑같다 잘졌다 너무몰아치는것도 좋은건아님 기아도 롯데전에13점뽑고나서 다음날 안좋더라,negative,2025-07-08
기아 불펜은 그냥 타율제조기이그만 ㅋ,2025-07-08 13:59:16+00:00,기아 불펜은 그냥 타율제조기이그만 ㅋ,neutral,2025-07-08
드가자 한화,2025-07-08 13:59:14+00:00,드가자 한화,negative,2025-07-08
이게 1등 버프인가.,2025-07-08 13:59:12+00:00,이게 1등 버프인가,negative,2025-07-08
내일은 엄씨니깐 경기 안봐야겟네,2025-07-08 13:59:10+00:00,내일은 엄씨니깐 경기 안봐야겟네,negative,2025-07-08
리얼이 미안하다... 아직 안갔니..?,2025-07-08 13:59:07+00:00,리얼이 미안하다 아직 안갔니,neutral,2025-07-08
상백아 낼은 편하게 볼라니까 편하게던져라 마음의 준비됐다.,2025-07-08 13:59:01+00:00,상백아 낼은 편하게 볼라니까 편하게던져라 마음의 준비됐다,neutral,2025-07-08
"아진짜 김태연 볼때마다 
짜증나네..저쉬운타구를
박찬호 실책은 리베타구가
워낙 강했으니 그렇다 처두
와 김태연 저 병맛수비는..
오늘 기아 이진급 투수들한테
2안타 쳣다고 티내냐",2025-07-08 13:58:45+00:00,아진짜 김태연 볼때마다 짜증나네저쉬운타구를 박찬호 실책은 리베타구가 워낙 강했으니 그렇다 처두 김태연 병맛수비는 오늘 기아 이진급 투수들한테 2안타 쳣다고 티내냐,negative,2025-07-08
내일은.. 볼 자신이 없어 미안해요 독수리들 😢..,2025-07-08 13:58:45+00:00,내일은 볼 자신이 없어 미안해요 독수리들,negative,2025-07-08
포수가 바뀌면 위태위태 ..,2025-07-08 13:58:09+00:00,포수가 바뀌면 위태위태,negative,2025-07-08
기아 너내 그러다 6위까지 갈수도 있다 ㅋㅋ,2025-07-08 13:58:05+00:00,기아 너내 그러다 6위까지 갈수도 ㅋㅋ,neutral,2025-07-08
종수야!!!! 탱구야!!!!!,2025-07-08 13:57:52+00:00,종수야 탱구야,neutral,2025-07-08
독수리는 호랑이를 찢어..,2025-07-08 13:57:44+00:00,독수리는 호랑이를 찢어,negative,2025-07-08
이범호를 바꾸라,2025-07-08 13:57:40+00:00,이범호를 바꾸라,positive,2025-07-08
돌맹 잘한다~~~,2025-07-08 13:57:39+00:00,돌맹 잘한다,positive,2025-07-08
나는 13:34 엄상백이 왜 웃는지 이해를 할 수 없다. 하….. 승승승승엄 예상한다,2025-07-08 13:57:39+00:00,나는 1334 엄상백이 웃는지 이해를 할 수 없다 승승승승엄 예상한다,negative,2025-07-08
"오늘 이겨서 괜히 기대를 하게 되네..😅
낼 엄이지만 혹시 몰라.....
.............ㅠㅠㅠ",2025-07-08 13:57:34+00:00,오늘 이겨서 괜히 기대를 하게 되네 낼 엄이지만 몰라 ㅠㅠㅠ,neutral,2025-07-08
빠따가 살아났어 ㅠ,2025-07-08 13:57:10+00:00,빠따가 살아났어 ㅠ,negative,2025-07-08
"한화는 돈좀 더쓰지
2만도 못들어가는 신구장 
참 쫌생이같어",2025-07-08 13:57:06+00:00,한화는 돈좀 더쓰지 2만도 못들어가는 신구장 쫌생이같어,negative,2025-07-08
"찬호가 멋진 호수비 하는 경우도 있지만 간혹 생각지 못한 장면에서 캐치 실수나 송구 실수로 어이 없는 경우가 있는데, 오늘 빅매치에서..",2025-07-08 13:57:04+00:00,찬호가 멋진 호수비 하는 경우도 있지만 간혹 생각지 못한 장면에서 캐치 실수나 송구 실수로 없는 경우가 있는데 오늘 빅매치에서,neutral,2025-07-08
리베라토 네이마르 닮지 않음???,2025-07-08 13:56:59+00:00,리베라토 네이마르 닮지 않음,neutral,2025-07-08
플로리얼 잊혀진 한화팬이라면 개추,2025-07-08 13:56:59+00:00,플로리얼 잊혀진 한화팬이라면 개추,positive,2025-07-08
"윤엥철 임기엥
쉬어가자는거지 머",2025-07-08 13:56:53+00:00,윤엥철 임기엥 쉬어가자는거지 머,neutral,2025-07-08
요즘 기아 빠따 미쳐서 쫄았는데..역시나 강하네,2025-07-08 13:56:51+00:00,요즘 기아 빠따 미쳐서 쫄았는데역시나 강하네,neutral,2025-07-08
막판에 기아 타자들 감잡아주느냐 수고 많았다 내일은 한화가 저렇게 지겄다,2025-07-08 13:56:45+00:00,막판에 기아 타자들 감잡아주느냐 수고 많았다 내일은 한화가 저렇게 지겄다,negative,2025-07-08
한국선수들이 착하다. 1회때 위즈덤이 일부러 밀었는데 이원석이 손목부상 당할뻔. 미국이었으면 주먹나감.,2025-07-08 13:56:39+00:00,한국선수들이 착하다 1회때 위즈덤이 일부러 밀었는데 이원석이 손목부상 당할뻔 미국이었으면 주먹나감,neutral,2025-07-08
"감독님 김종수선수 누구보다 열심히 하고 최선을 다하는 선수인건 애저녁에 알았는데 이제 그만 2군으로 내리셔요ㅠ 중간에서 나올때마다 불안불안 점수 내주는거 원투데이 본것도 아니라서 내리시고 다른 투수 올리세요! 제발요~ 1군은에서는 이런선수고 저런선수고, 그런거 필요없고 성적으로 실력으로 보여줘야 하는 곳 입니다",2025-07-08 13:56:21+00:00,감독님 김종수선수 누구보다 열심히 하고 최선을 다하는 선수인건 애저녁에 알았는데 이제 그만 2군으로 내리셔요ㅠ 중간에서 나올때마다 불안불안 점수 내주는거 원투데이 본것도 아니라서 내리시고 투수 올리세요 제발요 1군은에서는 이런선수고 저런선수고 그런거 필요없고 성적으로 실력으로 보여줘야 하는 곳 입니다,neutral,2025-07-08
이정도 점수차라서 허인서 타석 한번 보나 했는데 어림없지 ... ㅠ^ㅠ,2025-07-08 13:55:46+00:00,이정도 점수차라서 허인서 타석 한번 보나 했는데 어림없지 ㅠㅠ,negative,2025-07-08
캐스터 전라도 인증각이냐????,2025-07-08 13:55:40+00:00,캐스터 전라도 인증각이냐,neutral,2025-07-08
"8실점은 김태연의 지분이 정말 컸습니다.
3대3동점상황도 김태연의 점프력 쩌는 수비로 2루타를 내준 시점에서 시작이었죠.
만루홈런을 맞은 것도 김태연의 평범한 땅볼 실책부터 시작됐죠.. 병살코스였는데말이에요
수비의 중요성을 다시 깨닫습니다",2025-07-08 13:55:39+00:00,8실점은 김태연의 지분이 정말 컸습니다 3대3동점상황도 김태연의 점프력 쩌는 수비로 2루타를 내준 시점에서 시작이었죠 만루홈런을 맞은 것도 김태연의 평범한 땅볼 실책부터 시작됐죠 병살코스였는데말이에요 수비의 중요성을 다시 깨닫습니다,negative,2025-07-08
심봉사가 눈을 떳다,2025-07-08 13:55:38+00:00,심봉사가 눈을 떳다,negative,2025-07-08
심우준 마저 살아났다 전반기 끝나가니까 빠따들이 살아난게 난 오히려 두렵다 올스타 브레이크가 어떤 가뭄을 불러일으킬지.... 그래도 지금을 즐기자 ㅅㅅ,2025-07-08 13:55:33+00:00,심우준 살아났다 전반기 끝나가니까 빠따들이 살아난게 난 두렵다 올스타 브레이크가 가뭄을 불러일으킬지 지금을 즐기자 ㅅㅅ,negative,2025-07-08
태연아 개빡쳐서 수정 삼겹살가서 라면 먹고 왔다,2025-07-08 13:55:28+00:00,태연아 개빡쳐서 수정 삼겹살가서 라면 먹고 왔다,neutral,2025-07-08
심우준 타격 살아나서 다행❤,2025-07-08 13:55:17+00:00,심우준 타격 살아나서 다행,positive,2025-07-08
아니 무슨 박살을 냈네. 기아 투수 바꿀때마다 바꾸는 애들 다 조지노,2025-07-08 13:55:16+00:00,박살을 냈네 기아 투수 바꿀때마다 바꾸는 애들 다 조지노,negative,2025-07-08
그리고 문거김문거김 조롱하더니 니네 김도영은 군면제 아직까지 못 받은거 모름?ㅋㅋㅋㅋㅋㅋㅋ군면제도 못받았으면서 문거김 ㅈㄹ하는거 ㅈㄴ어이없음ㅋㅋㅋㅋㅋ햄스 달고사는 놈 누가 국대 데려가는데😊 ㅋㅋㅋㅋ,2025-07-08 13:55:00+00:00,문거김문거김 조롱하더니 니네 김도영은 군면제 아직까지 못 받은거 모름ㅋㅋㅋㅋㅋㅋㅋ군면제도 못받았으면서 문거김 ㅈㄹ하는거 ㅈㄴ어이없음ㅋㅋㅋㅋㅋ햄스 달고사는 놈 누가 국대 데려가는데 ㅋㅋㅋㅋ,negative,2025-07-08
(병살타 4개+만리런 맞기)하고도 넉넉한 점수차로 이기네 ㅋㅋㅋㅋ 내일은 엄사장 나와서 포기하는 경기인데 오늘 이겨 참으로 다행임 ㅋㅋㅋㅋ,2025-07-08 13:54:56+00:00,병살타 4개만리런 맞기하고도 넉넉한 점수차로 이기네 ㅋㅋㅋㅋ 내일은 엄사장 나와서 포기하는 경기인데 오늘 이겨 참으로 다행임 ㅋㅋㅋㅋ,neutral,2025-07-08
즈덤아 그래도 만루홈런 고맙다...ㅠ,2025-07-08 13:54:53+00:00,즈덤아 만루홈런 고맙다ㅠ,positive,2025-07-08
타선이 터지니 보기가 아주 좋네요~ 한화 화이팅!,2025-07-08 13:54:45+00:00,타선이 터지니 보기가 아주 좋네요 한화 화이팅,neutral,2025-07-08
최형우 노가다 잘하게 생겼는데 엄상백만 제 노릇 못하는구만,2025-07-08 13:54:42+00:00,최형우 노가다 잘하게 생겼는데 엄상백만 노릇 못하는구만,neutral,2025-07-08
"진짜~~김태연은 2군 투수들 상대로 안타 쳤다고~~그것도 안타 못치면 야구 때려 쳐야지~~

안타도 못치면 수비라도 실수른 하지 말아야지~~이건 뭐 잊을라면 수비 실수나하고 그렇다고 타석에서 안타를 잘치나 그것도 아니고~~~

빨리 2군좀 가라~~감독은 김태연한테 뭐 얻어 먹었냐~~왜이리 기회를 많이 주는지 모르겠다",2025-07-08 13:54:38+00:00,진짜김태연은 2군 투수들 상대로 안타 쳤다고그것도 안타 못치면 야구 때려 쳐야지 안타도 못치면 수비라도 실수른 하지 말아야지이건 뭐 잊을라면 수비 실수나하고 그렇다고 타석에서 안타를 잘치나 그것도 아니고 빨리 2군좀 가라감독은 김태연한테 뭐 얻어 먹었냐왜이리 기회를 많이 주는지 모르겠다,neutral,2025-07-08
오늘 아주 잘했구먼❤,2025-07-08 13:54:30+00:00,오늘 아주 잘했구먼,positive,2025-07-08
탱구는 1루 보면서 상대타자하고 먼 이바구를 그렇게 자주하냐? 꼴 보기 싫구로...정신 상태가 썩었다. 야구나 잘해라.,2025-07-08 13:54:29+00:00,탱구는 1루 보면서 상대타자하고 먼 이바구를 그렇게 자주하냐 꼴 보기 싫구로정신 상태가 썩었다 야구나 잘해라,neutral,2025-07-08
오늘 이겨서 위닝시리즈 욕심나는 한화팬 추천 부탁,2025-07-08 13:54:21+00:00,오늘 이겨서 위닝시리즈 욕심나는 한화팬 추천 부탁,negative,2025-07-08
심우준 요즘 잘하는거 보니까 내가 다 뿌듯하면 개추,2025-07-08 13:54:05+00:00,심우준 요즘 잘하는거 보니까 내가 다 뿌듯하면 개추,neutral,2025-07-08
왜 윤영철 빨리 내렸는지 이해못하겠넹으ㅡ,2025-07-08 13:54:01+00:00,윤영철 빨리 내렸는지 이해못하겠넹으ㅡ,neutral,2025-07-08
임기영 배팅볼투수에요?,2025-07-08 13:53:52+00:00,임기영 배팅볼투수에요,positive,2025-07-08
😅😅😅😅😅😅😅😅😅😅😅😅😅😅😅😅😅😅😅😅,2025-07-08 13:53:49+00:00,,positive,2025-07-08
엄....업화이트 그는 우리의 최약체다 그 부터 꺾고와라,2025-07-08 13:53:47+00:00,엄업화이트 그는 우리의 최약체다 꺾고와라,positive,2025-07-08
잘하네..ㅎ,2025-07-08 13:53:38+00:00,잘하네ㅎ,neutral,2025-07-08
"ㅋㅋㅋ 다이너마이트 최강한화 속이 뻥~~
여름 계곡? ㄴㄴ
한화이글스 야구경기로
피서 가즈아~~~",2025-07-08 13:53:38+00:00,ㅋㅋㅋ 다이너마이트 최강한화 속이 뻥 여름 계곡 ㄴㄴ 한화이글스 야구경기로 피서 가즈아,negative,2025-07-08
이대호의 달리기가 빠를지 이재원이 빠를지 진심 궁금하다!,2025-07-08 13:53:35+00:00,이대호의 달리기가 빠를지 이재원이 빠를지 진심 궁금하다,neutral,2025-07-08
"총력전 펼친다면서 2이닝만에 선발 내리고 올린게 평자책 12점 트리오 김대유이형범임기영인게 총력전이냐 ㅋㅋㅋㅋ
윤영철 그대로 뒀어도 9점은 안 먹었겠다.",2025-07-08 13:53:30+00:00,총력전 펼친다면서 2이닝만에 선발 내리고 올린게 평자책 12점 트리오 김대유이형범임기영인게 총력전이냐 ㅋㅋㅋㅋ 윤영철 그대로 뒀어도 9점은 안 먹었겠다,negative,2025-07-08
김성근...도 못 한 1등을 김경문이가 하는 걸 보면...김성근이 야구는 별 볼 일 없는 야구...아닌가??,2025-07-08 13:53:10+00:00,김성근도 못 한 1등을 김경문이가 하는 걸 보면김성근이 야구는 별 볼 없는 야구아닌가,neutral,2025-07-08
한화는 강팀입니다.,2025-07-08 13:53:05+00:00,한화는 강팀입니다,positive,2025-07-08
3대3에서 이형범 올렸을때 게임 던진거다. 아니 어떻게 박빙에서 이형범 임기영을 올릴 생각을하지 감독이나 투코나 차라리 경험치나 주게 김태형을 올려라 그리고 양현종/네일이면 오늘 불펜 쓰는게 맞는데 오늘은 명백히 투수운영 잘못해서 겜 날린거다.,2025-07-08 13:52:36+00:00,3대3에서 이형범 올렸을때 게임 던진거다 박빙에서 이형범 임기영을 올릴 생각을하지 감독이나 투코나 경험치나 주게 김태형을 올려라 양현종네일이면 오늘 불펜 쓰는게 맞는데 오늘은 명백히 투수운영 잘못해서 겜 날린거다,neutral,2025-07-08
리베로또 넌 진짜 로또다❤️,2025-07-08 13:52:35+00:00,리베로또 넌 진짜 로또다,neutral,2025-07-08
후반 집중력이 떨어지는 한화~ 잘했네 그래도~,2025-07-08 13:52:25+00:00,후반 집중력이 떨어지는 한화 잘했네,neutral,2025-07-08
엄상백 볼 진짜 무조건 낮게 던져라. 얼굴 상기되서 고개 갸우뚱하지 말고. 한 가운데서 살짝 들리는 130km대 배팅볼을 던지면서 납득이 안 가냐?,2025-07-08 13:52:20+00:00,엄상백 볼 진짜 무조건 낮게 던져라 얼굴 상기되서 고개 갸우뚱하지 말고 한 가운데서 살짝 들리는 130km대 배팅볼을 던지면서 납득이 안 가냐,neutral,2025-07-08
14점이요...? 네?,2025-07-08 13:52:08+00:00,14점이요,positive,2025-07-08
이번시리즈 루징예상햇는데 1승챙겨가네 ㅋㅋ 위닝가져갈지도,2025-07-08 13:51:55+00:00,이번시리즈 루징예상햇는데 1승챙겨가네 ㅋㅋ 위닝가져갈지도,negative,2025-07-08
오늘 이겨서 내일 맘 편히 봐야지,2025-07-08 13:51:51+00:00,오늘 이겨서 내일 맘 편히 봐야지,negative,2025-07-08
결과론이지만 영철이를 너무 일찍 내린게 아닌가 싶네요,2025-07-08 13:51:42+00:00,결과론이지만 영철이를 너무 일찍 내린게 아닌가 싶네요,neutral,2025-07-08
엘팬인데 한화 50승 선착 축하드려요 같이 올라가봅시다!,2025-07-08 13:51:41+00:00,엘팬인데 한화 50승 선착 축하드려요 올라가봅시다,neutral,2025-07-08
기아도 저력이 만만치 안어요.. 8점까지 따라온거 보면..,2025-07-08 13:51:37+00:00,기아도 저력이 만만치 안어요 8점까지 따라온거 보면,negative,2025-07-08
그..지나가는 야알못입니다 기아 투수진이 못한건가요...한화가 잘친건가요..??? 한화가 이렇게 빵빵 때리는 하이라이트를 본적이 없는거 같은데....ㅋㅋ,2025-07-08 13:51:29+00:00,그지나가는 야알못입니다 기아 투수진이 못한건가요한화가 잘친건가요 한화가 이렇게 빵빵 때리는 하이라이트를 본적이 없는거 같은데ㅋㅋ,neutral,2025-07-08
만루는 무서웠어 ㄷㄷㄷㄷ,2025-07-08 13:51:27+00:00,만루는 무서웠어 ㄷㄷㄷㄷ,neutral,2025-07-08
요새 황영묵은 2군 갔나요? 안 보이넹 ㅠ,2025-07-08 13:51:23+00:00,요새 황영묵은 2군 갔나요 안 보이넹 ㅠ,neutral,2025-07-08
"낼은
패상벽이라
어차피 패할거니까
주전들 한번 쉬게해주세요",2025-07-08 13:51:21+00:00,낼은 패상벽이라 어차피 패할거니까 주전들 한번 쉬게해주세요,negative,2025-07-08
타팀팬 입장에서 보면 1회 박찬호 실책이 경기분위기를 내준듯..,2025-07-08 13:51:02+00:00,타팀팬 보면 1회 박찬호 실책이 경기분위기를 내준듯,neutral,2025-07-08
고향팀에 대한 사랑 이해합니다.,2025-07-08 13:50:45+00:00,고향팀에 대한 사랑 이해합니다,positive,2025-07-08
내일은 엄상백이다... 좀 해 줘 😢,2025-07-08 13:50:42+00:00,내일은 엄상백이다 해 줘,positive,2025-07-08
윤영철은 썩었어,2025-07-08 13:50:32+00:00,윤영철은 썩었어,negative,2025-07-08
기아는 하나같이 제대로 공던지지는 투수가 없네~~ 참 한심하다. 정말 ㅋㅋㅋㅋ~~ 네일 아님 없제????,2025-07-08 13:50:20+00:00,기아는 하나같이 제대로 공던지지는 투수가 없네 한심하다 정말 ㅋㅋㅋㅋ 네일 아님 없제,neutral,2025-07-08
노시환 풀타임뛰엇는데 남은 2경기 휴식주자 이도윤 3루 세우고 그리고 포수들 휴식도 줄겸 내일 경기는 허인서 선발써주면 안되나,2025-07-08 13:50:17+00:00,노시환 풀타임뛰엇는데 남은 2경기 휴식주자 이도윤 3루 세우고 포수들 휴식도 줄겸 내일 경기는 허인서 선발써주면 안되나,negative,2025-07-08
태연아!!!!!!!!!! ㅅㅂ 정신좀 차리자 이번 시즌 도대체 뭐냐,2025-07-08 13:49:52+00:00,태연아 ㅅㅂ 정신좀 차리자 시즌 도대체 뭐냐,neutral,2025-07-08
날더운디 고생햇다니깨유,2025-07-08 13:49:48+00:00,날더운디 고생햇다니깨유,positive,2025-07-08
낼은 포기하고 맘편히봅시다 상백이라 승리는 어렵습니다!~,2025-07-08 13:49:48+00:00,낼은 포기하고 맘편히봅시다 상백이라 승리는 어렵습니다,neutral,2025-07-08
기아 705 랜더스경기,2025-07-08 13:49:46+00:00,기아 705 랜더스경기,positive,2025-07-08
기아  투수들  머임  방어율 10점대  3명이나  내보내다니   실화냐  ㅋㅋㅋㅋㅋ,2025-07-08 13:49:44+00:00,기아 투수들 머임 방어율 10점대 3명이나 내보내다니 실화냐 ㅋㅋㅋㅋㅋ,neutral,2025-07-08
호랭이 잡는건 독수리뿐이구나 ㅋㅋ😅😅,2025-07-08 13:49:41+00:00,호랭이 잡는건 독수리뿐이구나 ㅋㅋ,negative,2025-07-08
아 호랑이 쉽다,2025-07-08 13:49:36+00:00,호랑이 쉽다,neutral,2025-07-08
"그래도 종수는 봐주고 싶다 ㅋㅋ
김태연이 병살 투아웃 타구로 시작하는 이닝을 노아웃 12루로 만들어줘서 만루런 당한거라
진짜 김태연은 정이 안가",2025-07-08 13:49:35+00:00,종수는 봐주고 싶다 ㅋㅋ 김태연이 병살 투아웃 타구로 시작하는 이닝을 노아웃 12루로 만들어줘서 만루런 당한거라 진짜 김태연은 정이 안가,neutral,2025-07-08
좋갰다 기아는 내일 무조건 1승추가해서,2025-07-08 13:49:33+00:00,좋갰다 기아는 내일 무조건 1승추가해서,negative,2025-07-08
하루의 고단함을 잊게 해줘서 고맙습니다,2025-07-08 13:49:31+00:00,하루의 고단함을 잊게 해줘서 고맙습니다,neutral,2025-07-08
이럴때마다 드는 생각.. 점수 할부 안되나..,2025-07-08 13:49:18+00:00,이럴때마다 드는 생각 점수 할부 안되나,neutral,2025-07-08
러브레터 진짜 개.잘친다 ....,2025-07-08 13:49:14+00:00,러브레터 진짜 개잘친다,negative,2025-07-08
"내일 : 엄상백 
몇점을 내주던 100구 까지 내리지 말자 팀 아끼자",2025-07-08 13:49:05+00:00,내일 엄상백 몇점을 내주던 100구 내리지 말자 팀 아끼자,negative,2025-07-08
오늘 특이하게 대량득점인데 홈런이없네 14점이면 홈런 몇번 터졌을줄 알았는데,2025-07-08 13:48:58+00:00,오늘 특이하게 대량득점인데 홈런이없네 14점이면 홈런 몇번 터졌을줄 알았는데,neutral,2025-07-08
개아 ㅈ밥이구만 ㅋㅋㅋㅋ,2025-07-08 13:48:52+00:00,개아 ㅈ밥이구만 ㅋㅋㅋㅋ,neutral,2025-07-08
"총력전 펼친다면서 2이닝만에 선발 내리고 올린게 평자책 12점 트리오 김대유이형범임기영인게 총력전이냐 ㅋㅋㅋㅋ
윤영철 그대로 뒀어도 9점은 안 먹었겠다.",2025-07-08 13:48:51+00:00,총력전 펼친다면서 2이닝만에 선발 내리고 올린게 평자책 12점 트리오 김대유이형범임기영인게 총력전이냐 ㅋㅋㅋㅋ 윤영철 그대로 뒀어도 9점은 안 먹었겠다,negative,2025-07-08
"혹시 기아전 위닝에나 스윕하규 전반기 마치면
후반기
진짜 좀 편하게 갈 수 있다

해보자",2025-07-08 13:48:43+00:00,기아전 위닝에나 스윕하규 전반기 마치면 후반기 진짜 편하게 갈 수 해보자,neutral,2025-07-08
기아 감독님!!!!!!!!! 투수들 정신교육은 언제 하나요!!!!!!!!!!!!!!!!!!!!!!8점을  따도 지면 어떡합니까!!!!!!!!!!!!!!!!!!! 기아 감독님 ㅠ.ㅠ,2025-07-08 13:48:28+00:00,기아 감독님 투수들 정신교육은 하나요8점을 따도 지면 어떡합니까 기아 감독님 ㅠㅠ,neutral,2025-07-08
이동욱 이분 해설이 너무 재미없음;;,2025-07-08 13:48:24+00:00,이동욱 이분 해설이 너무 재미없음,neutral,2025-07-08
3이닝 5실점 상백 정식 나온다 ㅇㅇ 낼 기대 ㄴㄴ,2025-07-08 13:48:16+00:00,3이닝 5실점 상백 정식 나온다 ㅇㅇ 낼 기대 ㄴㄴ,negative,2025-07-08
이렇게 된거 내일 엄상백 2승 챙기자... 양현종도 평자책 5점대야 할만해,2025-07-08 13:48:04+00:00,이렇게 된거 내일 엄상백 2승 챙기자 양현종도 평자책 5점대야 할만해,positive,2025-07-08
"오늘은 한화 타격이 조금 흐믓하군...ㅋㅋ  
한 40대 0으로 이겨서 기아의 코를 아주 납작하게 만들어줬어야 하는건데 그게 살짝 아쉽다.ㅋㅋ",2025-07-08 13:48:00+00:00,오늘은 한화 타격이 흐믓하군ㅋㅋ 한 40대 0으로 이겨서 기아의 코를 아주 납작하게 만들어줬어야 하는건데 그게 살짝 아쉽다ㅋㅋ,neutral,2025-07-08
심우준 드디어 살아나는건가?? ㅎㅎ 노시환도 얼릉 반등하자!!! 타율은 낮지만 그래도 용병제외하곤 홈런 1위!!,2025-07-08 13:48:00+00:00,심우준 드디어 살아나는건가 ㅎㅎ 노시환도 얼릉 반등하자 타율은 낮지만 용병제외하곤 홈런 1위,neutral,2025-07-08
기아 불팬은 뭐죄다 자책점이 10이냐 ㅋㅋㅋ,2025-07-08 13:47:49+00:00,기아 불팬은 뭐죄다 자책점이 10이냐 ㅋㅋㅋ,negative,2025-07-08
